k,time,x,y,yaw
0,0.06604290008544922,39.1130561828613,3.15000152587891,3.1415926526062132
1,0.11926889419555664,39.1130561828613,3.15000152587891,3.1415926526079634
2,0.16915035247802734,39.1068534851074,3.15000152587891,3.141592238290372
3,0.2155611515045166,39.1068534851074,3.15000152587891,3.1415920976121527
4,0.26607608795166016,39.0853271484375,3.14999771118164,3.141591548560998
5,0.31765222549438477,39.0547332763672,3.14999771118164,3.1415768438230263
6,0.36759066581726074,39.0207405090332,3.15002822875977,-3.1415680400852
7,0.41646647453308105,38.9888114929199,3.15003204345703,-3.141567086127782
8,0.4667394161224365,38.9417953491211,3.15003967285156,-3.1415606739322945
9,0.5171172618865967,38.9417953491211,3.15003967285156,-3.1415477021540243
10,0.5667760372161865,38.8596267700195,3.15004730224609,-3.1415393239276126
11,0.6172032356262207,38.7205772399902,3.15005493164063,-3.1415350458239146
12,0.6673848628997803,38.6655387878418,3.15005874633789,-3.1415306628452533
13,0.7167885303497314,38.5639953613281,3.15006256103516,-3.1415183310927794
14,0.766930341720581,38.4500312805176,3.15006637573242,-3.1415100621905694
15,0.8171658515930176,38.3234710693359,3.15007019042969,-3.1415016566457417
16,0.8658363819122314,38.0634002685547,3.15007781982422,-3.141491907313175
17,0.9160182476043701,37.9998970031738,3.15007781982422,-3.1414870232616767
18,0.9660866260528564,37.8665733337402,3.15008163452148,-3.141475186513046
19,1.0196492671966553,37.6880035400391,3.15007781982422,-3.1414711133356077
20,1.0679278373718262,37.4960556030273,3.15007781982422,-3.1414671356288952
21,1.1178464889526367,37.2048873901367,3.15007400512695,-3.141459537027157
22,1.1666927337646484,37.1612091064453,3.15007400512695,-3.1414540523570698
23,1.216446876525879,36.8432426452637,3.15006256103516,-3.141455746782889
24,1.267416000366211,36.5561065673828,3.15004348754883,-3.141457472582757
25,1.31900954246521,36.206127166748,3.15002059936523,-3.1414676074205237
26,1.3683407306671143,36.206127166748,3.15002059936523,-3.1414771819135305
27,1.4189226627349854,35.6316375732422,3.15000152587891,-3.1414785477579557
28,1.4687998294830322,35.5776405334473,3.14999008178711,-3.1414857174585156
29,1.5180678367614746,35.5244522094727,3.14999389648438,-3.141512564691489
30,1.5669844150543213,35.1433944702148,3.14995574951172,-3.1415334228483234
31,1.6166245937347412,34.756404876709,3.14993286132813,-3.141554199165716
32,1.6660497188568115,34.4750938415527,3.14991760253906,-3.141567473227932
33,1.719512701034546,34.1929359436035,3.1499137878418,-3.141582547795851
34,1.766282558441162,33.9076614379883,3.14990997314453,-3.1415903855524663
35,1.8182373046875,33.6226348876953,3.14990997314453,3.1415850531163727
36,1.8684732913970947,33.3351669311523,3.1499137878418,3.141578633164906
37,1.9177098274230957,32.9330787658691,3.14992141723633,3.141575981667397
38,1.9674060344696045,32.5869979858398,3.14992523193359,3.1415724240259024
39,2.017735004425049,32.4716110229492,3.14992904663086,3.141573190532848
40,2.0692055225372314,32.1821327209473,3.14993667602539,3.1415722719660857
41,2.116381883621216,31.8348770141602,3.14994430541992,3.1415750045284256
42,2.1671648025512695,31.6030521392822,3.14995002746582,3.141576495515967
43,2.2162487506866455,31.3141708374023,3.14995574951172,3.1415780007262937
44,2.2680225372314453,31.3141708374023,3.14995574951172,3.1415780007262937
45,2.3173277378082275,30.6221160888672,3.14996337890625,3.1415769054324225
46,2.369424343109131,30.5639343261719,3.14996337890625,3.1415820619247654
47,2.4230637550354004,30.1617240905762,3.14997100830078,3.141582650661942
48,2.466616630554199,29.8732528686523,3.14997482299805,3.1415836897465126
49,2.5174033641815186,29.4140949249268,3.14997673034668,3.141581671510356
50,2.56681752204895,29.357458114624,3.14997673034668,3.1415827562971734
51,2.6162445545196533,29.0146007537842,3.14997673034668,3.1415827562971734
52,2.6665008068084717,28.7292022705078,3.14997863769531,3.1415826177600445
53,2.7162258625030518,28.3877143859863,3.14998245239258,3.141583037721497
54,2.767324924468994,28.1037693023682,3.14998817443848,3.1415857776627165
55,2.817040205001831,28.046272277832,3.14998626708984,3.141586987041053
56,2.8656623363494873,27.6498603820801,3.14998817443848,3.141586359428084
57,2.916750907897949,27.5366020202637,3.14998817443848,3.1415883737728567
58,2.9686167240142822,26.8582019805908,3.14999008178711,3.141589350146969
59,3.015845775604248,26.8582019805908,3.14999008178711,3.1415884283385633
60,3.0659754276275635,26.4064559936523,3.14999198913574,3.141589022827691
61,3.1160733699798584,26.1242523193359,3.14999008178711,3.1415871476986137
62,3.1653313636779785,25.7312049865723,3.14999389648438,3.1415908761862816
63,3.21640682220459,25.5064010620117,3.14999389648438,3.141588649375507
64,3.2660012245178223,25.3374500274658,3.14999198913574,3.141588649375507
65,3.315929412841797,25.0008678436279,3.14999389648438,3.1415903745414173
66,3.3653218746185303,24.6644229888916,3.14999389648438,3.141589036863625
67,3.415156126022339,24.2740421295166,3.14999198913574,3.1415862369738656
68,3.466326951980591,24.1626567840576,3.14999198913574,3.1415837830969973
69,3.5167813301086426,23.9402828216553,3.14999389648438,3.1415839852352656
70,3.56685733795166,23.6068134307861,3.14999771118164,3.141586520909197
71,3.6177780628204346,23.1618499755859,3.15000343322754,3.1415891999166403
72,3.6665868759155273,23.0505485534668,3.15000343322754,3.141589816240317
73,3.7164204120635986,22.7715702056885,3.15000534057617,3.141591861168616
74,3.765993595123291,22.7715702056885,3.15000534057617,-3.141589197700998
75,3.817307233810425,22.2712574005127,3.15000534057617,-3.141592323668317
76,3.865337371826172,21.9932079315186,3.14999961853027,3.141591336857612
77,3.9161007404327393,21.6616592407227,3.14999771118164,3.141590288472028
78,3.966723918914795,21.5512790679932,3.14999771118164,3.1415912415560343
79,4.015788793563843,21.1659126281738,3.14999961853027,3.1415879395454023
80,4.066493988037109,20.780740737915,3.14999580383301,3.14158621393197
81,4.116939306259155,20.6171360015869,3.14999580383301,3.1415863340171675
82,4.166622638702393,20.3427829742432,3.14999961853027,3.141588029083991
83,4.21880841255188,20.0702476501465,3.14999961853027,3.1415904049006107
84,4.2663733959198,19.6334896087646,3.15000152587891,3.141590759095872
85,4.3181750774383545,19.5244979858398,3.15000152587891,3.141591338267955
86,4.365764141082764,19.1421718597412,3.15000343322754,-3.1415897096139855
87,4.416798114776611,18.9791316986084,3.15000534057617,-3.1415871829043227
88,4.466309547424316,18.7054672241211,3.15000534057617,-3.1415878538283226
89,4.519171714782715,18.3244400024414,3.15000152587891,-3.1415865029001293
90,4.566090822219849,17.9426918029785,3.14999580383301,-3.141590709686327
91,4.616715908050537,17.6716899871826,3.14999771118164,-3.141590592407994
92,4.6654181480407715,17.4546222686768,3.14999389648438,-3.1415920670952873
93,4.717538833618164,17.2380714416504,3.14999198913574,3.141587915827203
94,4.764937162399292,17.0753116607666,3.14998817443848,3.141587915827203
95,4.815488576889038,16.5896091461182,3.14999580383301,3.1415903160052934
96,4.865732669830322,16.5896091461182,3.14999580383301,3.1415881607514256
97,4.916435241699219,16.2657222747803,3.14999389648438,3.1415874735120366
98,4.968750476837158,15.7794551849365,3.14999771118164,3.141590022074035
99,5.017548561096191,15.7794551849365,3.14999771118164,3.141591849671255
100,5.065199851989746,15.4021816253662,3.14999961853027,3.1415897659818
101,5.116589307785034,15.02467918396,3.14999389648438,3.1415869669214547
102,5.166237115859985,14.7027015686035,3.14999485015869,3.141587180212502
103,5.217751741409302,14.4883365631104,3.14999485015869,3.141586483001914
104,5.268673658370972,14.1676540374756,3.14999294281006,3.1415845976180727
105,5.318774700164795,14.0609893798828,3.14999294281006,3.14158410739161
106,5.368914604187012,13.7416515350342,3.14999389648438,3.1415831601199353
107,5.420156717300415,13.5830249786377,3.14999485015869,3.1415825169370617
108,5.46921443939209,13.2651119232178,3.14999771118164,3.1415820756907142
109,5.519252061843872,13.053596496582,3.15000152587891,3.1415841154219337
110,5.567816734313965,12.6300621032715,3.15000915527344,3.141589278429932
111,5.615942716598511,12.3640842437744,3.15001106262207,3.141591677108346
112,5.665177345275879,12.2578239440918,3.15001201629639,-3.1415902592008527
113,5.715672254562378,12.0451240539551,3.15001392364502,-3.141589569863086
114,5.766453266143799,11.7263660430908,3.15001201629639,-3.141592104607114
115,5.815249443054199,11.4620418548584,3.15001010894775,3.1415919148410523
116,5.867901086807251,11.1970462799072,3.15000629425049,3.1415906258411868
117,5.9179747104644775,10.9340515136719,3.15000534057617,3.1415906258411868
118,5.964954614639282,10.6177062988281,3.15000820159912,3.141591379294554
119,6.017007112503052,10.3536949157715,3.15000820159912,-3.1415913170981566
120,6.065783500671387,10.14284324646,3.15001010894775,-3.141590039527571
121,6.116292476654053,9.87963485717773,3.15001201629639,-3.141589513834922
122,6.166024208068848,9.50998497009277,3.1500072479248,-3.141591896690221
123,6.215407609939575,9.19426918029785,3.1500072479248,-3.141591071602001
124,6.266047954559326,9.03703689575195,3.15000820159912,-3.1415925136243397
125,6.3150715827941895,8.77360916137695,3.15000438690186,3.1415919428409693
126,6.3661627769470215,8.5120849609375,3.15000247955322,3.1415906140988703
127,6.417621374130249,8.40733528137207,3.15000247955322,3.1415899846331024
128,6.466212511062622,8.04034233093262,3.15000247955322,3.1415925479367144
129,6.5155439376831055,7.72622919082642,3.15000629425049,3.141592401155621
130,6.566333770751953,7.41169309616089,3.1500072479248,-3.1415923850087712
131,6.618366241455078,7.15062284469604,3.15000629425049,3.1415921093118624
132,6.666289567947388,6.78435754776001,3.15000343322754,3.14158919605645
133,6.716665983200073,6.68009901046753,3.15000247955322,3.1415885461855737
134,6.7658867835998535,6.36781454086304,3.15000247955322,3.1415873555072737
135,6.818479061126709,6.15997982025146,3.15000295639038,3.1415871069306367
136,6.8664350509643555,5.95240783691406,3.15000486373901,3.141587746987923
137,6.9155497550964355,5.69394874572754,3.15000677108765,3.14158741140744
138,6.966156959533691,5.28000450134277,3.15000867843628,3.1415883154109774
139,7.018110990524292,4.96956920623779,3.15001249313354,3.1415915681541016
140,7.066819667816162,4.86590671539307,3.15001440048218,-3.1415905350821705
141,7.119020938873291,4.60566711425781,3.15001630783081,-3.141589490021376
142,7.166064262390137,4.34622478485107,3.15001821517944,-3.141587442503773
143,7.215785980224609,4.03364753723145,3.15001726150513,-3.1415867389298517
144,7.266826391220093,3.98090815544128,3.15001559257507,-3.1415850627523185
145,7.317983627319336,3.51297378540039,3.1500129699707,-3.141585459025666
146,7.365496397018433,3.30500912666321,3.1500084400177,-3.141587842183897
147,7.4164159297943115,3.20116424560547,3.15000677108765,-3.141589112342569
148,7.465777397155762,2.83714175224304,3.15000748634338,-3.141588045832803
149,7.516026496887207,2.47385311126709,3.1500096321106,-3.1415872907004188
150,7.565688133239746,2.21294522285461,3.15000653266907,-3.141589266386907
151,7.616186857223511,1.90104687213898,3.15000581741333,-3.1415899766908364
152,7.665918588638306,1.58951020240784,3.15000128746033,3.1415915254906523
153,7.715470552444458,1.48586106300354,3.14999985694885,3.1415885263795293
154,7.766088008880615,1.22786867618561,3.14999675750732,3.141586547414432
155,7.816797494888306,0.918316721916199,3.14999437332153,3.1415827365788047
156,7.865677118301392,0.866131126880646,3.14999461174011,3.141585854936485
157,7.915651798248291,0.351104587316513,3.15000486373901,3.1415874120969596
158,7.9651336669921875,0.145328179001808,3.15000557899475,3.141587792274984
159,8.01842713356018,-0.162887707352638,3.15000653266907,3.1415882378019853
160,8.065088510513306,-0.36806932091713,3.15000700950623,3.141588660956199
161,8.11651062965393,-0.521130502223969,3.15000772476196,3.1415894837038905
162,8.165943622589111,-0.930555939674377,3.15000915527344,3.1415900226754156
163,8.21622347831726,-1.18705642223358,3.15001201629639,3.141592484929092
164,8.265032291412354,-1.49480521678925,3.15001487731934,-3.1415899536344454
165,8.315204381942749,-1.75074934959412,3.1500141620636,-3.1415897481907606
166,8.365235805511475,-1.85332727432251,3.1500129699707,-3.1415902241677873
167,8.415550947189331,-2.16088366508484,3.1500129699707,-3.1415894610202635
168,8.464990615844727,-2.46898317337036,3.15001392364502,-3.141587586361069
169,8.516155481338501,-2.7269299030304,3.1500141620636,-3.141585809186011
170,8.566908836364746,-3.08713984489441,3.1500141620636,-3.141584882080752
171,8.616511821746826,-3.13937973976135,3.15001249313354,-3.141586938469212
172,8.665062189102173,-3.3454315662384,3.1500084400177,-3.1415904871010993
173,8.715308666229248,-3.60182332992554,3.15000319480896,3.141591350605544
174,8.76525068283081,-3.90951442718506,3.14999771118164,3.1415899232690165
175,8.81502389907837,-4.21640682220459,3.14999604225159,3.1415888711429854
176,8.865645408630371,-4.57535934448242,3.1500039100647,3.1415920504631365
177,8.917108058929443,-4.67788219451904,3.15000581741333,-3.141589715104171
178,8.965580940246582,-4.93378210067749,3.15000796318054,-3.1415895582795446
179,9.016231060028076,-5.24135684967041,3.15000629425049,-3.141589548347675
180,9.066942930221558,-5.5492115020752,3.15000867843628,-3.1415870035711353
181,9.116137981414795,-5.65194416046143,3.15000867843628,-3.1415851125131407
182,9.165301322937012,-5.90970993041992,3.1500084400177,-3.1415853954119806
183,9.217880010604858,-6.21865940093994,3.15000820159912,-3.1415849687697714
184,9.26543116569519,-6.57869243621826,3.15000295639038,-3.1415875048083524
185,9.316589117050171,-6.57869243621826,3.15000295639038,3.1415900072604956
186,9.365826606750488,-6.93903398513794,3.14999294281006,3.1415902517779832
187,9.417540550231934,-7.24697065353394,3.14999580383301,3.1415906886890053
188,9.465746402740479,-7.29763746261597,3.14999771118164,3.1415904929564564
189,9.515368223190308,-7.70812749862671,3.14999675750732,3.141590016893737
190,9.565638780593872,-7.8105320930481,3.14999485015869,3.1415865698781014
191,9.615862607955933,-7.96465444564819,3.14999294281006,3.141589704003706
192,9.665842533111572,-8.42448425292969,3.15000200271606,-3.1415913540835403
193,9.716084957122803,-8.83459854125977,3.15000534057617,-3.141592552727725
194,9.766301155090332,-8.98905754089355,3.15000343322754,-3.141591676842041
195,9.815550565719604,-9.34744453430176,3.1500072479248,-3.141590126114381
196,9.865601778030396,-9.7072639465332,3.15000247955322,3.1415919035890845
197,9.915071725845337,-9.80973434448242,3.15000247955322,-3.1415924364170467
198,9.96525526046753,-10.1171569824219,3.15000247955322,3.1415918396367286
199,10.015623807907104,-10.3217163085938,3.1499981880188,3.1415887154189854
200,10.064704656600952,-10.6277923583984,3.1499924659729,3.1415826157166906
201,10.117109537124634,-10.8313312530518,3.14998912811279,3.141576810341958
202,10.16588830947876,-11.0344772338867,3.14998626708984,3.1415749209969794
203,10.215541124343872,-11.3886909484863,3.14999389648438,3.1415798176282625
204,10.265850305557251,-11.641544342041,3.15000438690186,3.1415863170066114
205,10.31643795967102,-11.7427959442139,3.15000629425049,3.1415871184928177
206,10.365206241607666,-12.0965423583984,3.15001392364502,-3.14158988071414
207,10.416682004928589,-12.3498210906982,3.15002059936523,-3.1415823517969876
208,10.465571641921997,-12.4511756896973,3.1500301361084,-3.1415841102550996
209,10.51619029045105,-12.8069114685059,3.15000534057617,3.141592617636094
210,10.564834833145142,-13.1619148254395,3.14997959136963,3.1415883770257884
211,10.616866827011108,-13.3653297424316,3.14996910095215,3.141580487285187
212,10.665918350219727,-13.5685119628906,3.14996337890625,3.141571594650979
213,10.716665983200073,-13.8232727050781,3.14996528625488,3.1415802215633475
214,10.764972686767578,-14.1788749694824,3.14999580383301,3.141589440810793
215,10.816459655761719,-14.3827114105225,3.15001392364502,-3.141586113807641
216,10.866087675094604,-14.7899703979492,3.15002536773682,-3.141574137521135
217,10.916270017623901,-14.8918590545654,3.15002632141113,-3.141571564061489
218,10.965087413787842,-15.2492504119873,3.15001964569092,-3.141570760435914
219,11.015149116516113,-15.4012680053711,3.15001583099365,-3.1415710379464756
220,11.06555962562561,-15.7067337036133,3.15000915527344,-3.141575219466519
221,11.116309881210327,-15.8599529266357,3.15000247955322,-3.141576675640261
222,11.164620637893677,-16.1135749816895,3.15000152587891,-3.141576675640261
223,11.216936349868774,-16.4706192016602,3.14999580383301,-3.1415820640540915
224,11.26564884185791,-16.7757434844971,3.14999103546143,-3.1415861155998144
225,11.315075874328613,-17.1308689117432,3.14998531341553,3.1415922784841217
226,11.364826440811157,-17.232328414917,3.14998245239258,3.1415874881168775
227,11.416147470474243,-17.4351825714111,3.14998149871826,3.1415875744270925
228,11.46678876876831,-17.6380882263184,3.14998149871826,3.1415808029983383
229,11.515817880630493,-17.8400821685791,3.149977684021,3.1415836868538443
230,11.56507158279419,-18.1438388824463,3.14999008178711,3.141587651163064
231,11.61521029472351,-18.4479293823242,3.14999008178711,3.1415856469145678
232,11.665228128433228,-18.7510795593262,3.14998817443848,3.141584352189935
233,11.715917348861694,-18.9035053253174,3.14999198913574,3.1415849077822506
234,11.765317916870117,-19.156177520752,3.14999389648438,3.1415849077822506
235,11.815638542175293,-19.4087944030762,3.14999198913574,3.1415823967662737
236,11.865316152572632,-19.7624282836914,3.15000152587891,3.14158691738149
237,11.916308164596558,-19.9140586853027,3.15000343322754,3.1415886581450083
238,11.966155767440796,-20.1674690246582,3.14999771118164,3.141583266913603
239,12.016996622085571,-20.4709224700928,3.14999961853027,3.1415852380769227
240,12.064468622207642,-20.8252620697021,3.15001106262207,-3.1415915993198644
241,12.11532998085022,-21.0275440216064,3.15001487731934,3.1415903949287345
242,12.16567087173462,-21.1793651580811,3.15000534057617,3.141590503668739
243,12.2165687084198,-21.4828014373779,3.15001106262207,-3.1415891893126684
244,12.266850233078003,-21.8373260498047,3.15001678466797,3.14159144189649
245,12.315271139144897,-22.0401382446289,3.1500072479248,-3.141589920655333
246,12.364460468292236,-22.1922283172607,3.1500072479248,-3.14158118090434
247,12.415485858917236,-22.4965591430664,3.1500129699707,-3.1415823506413108
248,12.466127395629883,-22.8521690368652,3.15000534057617,-3.141590378928663
249,12.515057563781738,-22.9538230895996,3.14999961853027,3.141584801775078
250,12.565738677978516,-23.2084426879883,3.14998435974121,3.1415684295894373
251,12.61769986152649,-23.4617080688477,3.14996910095215,3.1415672901303915
252,12.665330648422241,-23.7164306640625,3.14995956420898,3.1415500641869585
253,12.716201543807983,-24.0208358764648,3.14995765686035,3.141540574304588
254,12.765964269638062,-24.2237110137939,3.14995574951172,3.141536925698842
255,12.81541919708252,-24.5270137786865,3.14997482299805,3.1415475948320055
256,12.865337133407593,-24.8300170898438,3.15005683898926,-3.141580923692902
257,12.916611671447754,-25.1828689575195,3.15002059936523,3.141587188827943
258,12.96502161026001,-25.2838401794434,3.15003395080566,-3.141565689444752
259,13.017359495162964,-25.5361366271973,3.15007972717285,-3.1415370832229477
260,13.06788420677185,-25.8395309448242,3.15005302429199,-3.141553901940668
261,13.11585545539856,-26.1932945251465,3.15000343322754,-3.1415694416444606
262,13.165881156921387,-26.2946224212646,3.15002059936523,-3.1415275742209667
263,13.216619968414307,-26.5470657348633,3.15004920959473,-3.1415383926376546
264,13.267464876174927,-26.8499183654785,3.1500244140625,-3.141549505964821
265,13.315816640853882,-27.1027183532715,3.1500072479248,-3.14156110334544
266,13.365466833114624,-27.3040008544922,3.15007781982422,-3.1415131735255644
267,13.416528701782227,-27.555965423584,3.1500415802002,-3.141537295617478
268,13.465636730194092,-27.8581428527832,3.15008163452148,-3.1414946746828067
269,13.51568078994751,-28.1607055664063,3.15003776550293,-3.141517109701619
270,13.566978216171265,-28.3618907928467,3.14999580383301,-3.141495564303668
271,13.615791320800781,-28.6641082763672,3.15005874633789,-3.1414844999345894
272,13.665624380111694,-28.8657894134521,3.14999008178711,-3.141537228288255
273,13.715707302093506,-29.1175193786621,3.14994621276855,-3.141577779807152
274,13.766706466674805,-29.268669128418,3.14989852905273,-3.1415682421414677
275,13.815824270248413,-29.5206451416016,3.14997100830078,-3.1415552429792206
276,13.865148067474365,-29.772481918335,3.1499080657959,3.1415438512207254
277,13.915558099746704,-30.024808883667,3.14993476867676,3.141556769742318
278,13.967772960662842,-30.3775291442871,3.14995765686035,3.141541123746695
279,14.015965938568115,-30.6291942596436,3.14996147155762,3.141552095711087
280,14.066092729568481,-30.8806953430176,3.14998817443848,3.14155819947472
281,14.115800380706787,-31.1824264526367,3.14995765686035,3.1415309508202873
282,14.166702270507812,-31.5344009399414,3.15002822875977,3.1415787412644507
283,14.215871810913086,-31.5847549438477,3.15002059936523,3.1415654334322465
284,14.265567064285278,-31.8863620758057,3.14998435974121,3.141548525541958
285,14.317217826843262,-32.1880226135254,3.15005111694336,-3.141589814487018
286,14.365749597549438,-32.3893508911133,3.15002822875977,3.141562325891114
287,14.414911031723022,-32.6406898498535,3.1500129699707,3.1415796180758275
288,14.466225385665894,-32.8921813964844,3.15006256103516,-3.141559911485834
289,14.5163733959198,-33.2443542480469,3.15000152587891,3.141592575090612
290,14.565784931182861,-33.3450202941895,3.1500129699707,-3.1415476961253033
291,14.61593222618103,-33.6969375610352,3.15003967285156,-3.141534889240127
292,14.66512155532837,-33.8984336853027,3.15001678466797,-3.1415441767482193
293,14.715205669403076,-34.1497459411621,3.14999771118164,3.141591919221893
294,14.76604175567627,-34.3003578186035,3.1500186920166,-3.1415572419900197
295,14.816520690917969,-34.5516319274902,3.15002632141113,3.1415482574685405
296,14.865540266036987,-34.9538764953613,3.14997100830078,3.1415527969368355
297,14.915487289428711,-35.205135345459,3.15006256103516,-3.1411897779415687
298,14.966175556182861,-35.5066108703613,3.14992904663086,-3.1411333971581694
299,15.016738176345825,-35.7074775695801,3.14984130859375,-3.1414721519670086
300,15.065412044525146,-35.9086456298828,3.14947509765625,3.1405127531828616
301,15.114452362060547,-36.2101173400879,3.149169921875,3.1369083750108424
302,15.165179014205933,-36.3105621337891,3.14907455444336,3.1287992730891006
303,15.215524673461914,-36.7620658874512,3.15099716186523,3.12005073606334
304,15.265783309936523,-36.912239074707,3.1527214050293,3.1128973886482583
305,15.31528925895691,-37.2613258361816,3.16012191772461,3.0903164903090796
306,15.365128993988037,-37.3608093261719,3.1635856628418,3.0719364486659564
307,15.415996313095093,-37.5594940185547,3.17259216308594,3.047145982972814
308,15.465431451797485,-37.9061126708984,3.19564056396484,3.03908812587514
309,15.51627779006958,-38.2030448913574,3.22370529174805,3.0194612248666783
310,15.565065145492554,-38.4993057250977,3.25879287719727,2.9916599368638215
311,15.616346836090088,-38.5979843139648,3.27215576171875,2.968701137733742
312,15.66496205329895,-38.844181060791,3.30880355834961,2.9645746029272018
313,15.715501546859741,-39.1869659423828,3.36788177490234,2.934731757434153
314,15.764771461486816,-39.284538269043,3.3865966796875,2.925992952648702
315,15.816237688064575,-39.4791107177734,3.42652893066406,2.9036747693547653
316,15.86743712425232,-39.5276374816895,3.43704986572266,2.876509663872728
317,15.915480852127075,-39.8177719116211,3.50475311279297,2.84715921140756
318,15.965364694595337,-40.1545562744141,3.59423446655273,2.8400082621401967
319,16.015239715576172,-40.4901161193848,3.69470596313477,2.8079612582221567
320,16.066657543182373,-40.8237915039063,3.80286407470703,2.801126760783798
321,16.114925384521484,-41.1078948974609,3.90149307250977,2.780858335113263
322,16.164896488189697,-41.3893280029297,4.00568389892578,2.76007957104989
323,16.2155442237854,-41.4825782775879,4.0413703918457,2.735578834211482
324,16.265381574630737,-41.7603721618652,4.15271759033203,2.7276295370585286
325,16.314886808395386,-41.9900169372559,4.25098037719727,2.7085202294865933
326,16.366552114486694,-42.172435760498,4.33287811279297,2.6935675214319286
327,16.415571212768555,-42.3536109924316,4.41747283935547,2.6609512262625725
328,16.465956926345825,-42.6231384277344,4.54985427856445,2.657279931706054
329,16.5157527923584,-42.8897590637207,4.68787384033203,2.635678883447122
330,16.564621210098267,-43.1531791687012,4.83171081542969,2.6142705381289875
331,16.616300344467163,-43.3272552490234,4.93085479736328,2.590875184998775
332,16.665576457977295,-43.5429306030273,5.05813598632813,2.5840199714914482
333,16.7156081199646,-43.7563781738281,5.18896484375,2.5671141318925907
334,16.765384435653687,-43.9675788879395,5.32332611083984,2.5433638890924533
335,16.816104412078857,-44.0933074951172,5.40570068359375,2.5247388499983434
336,16.865397930145264,-44.300895690918,5.54608917236328,2.5185463049269203
337,16.916266679763794,-44.5063056945801,5.68972778320313,2.503837081121764
338,16.96540069580078,-44.7096748352051,5.83654403686523,2.4856767754786744
339,17.01595449447632,-44.9509124755859,6.01642990112305,2.4826311339524563
340,17.065708875656128,-45.030689239502,6.0775032043457,2.4584045197350246
341,17.115710496902466,-45.1886901855469,6.20054244995117,2.444895872341706
342,17.167534112930298,-45.5002937316895,6.4525260925293,2.420782865361744
343,17.217202186584473,-45.7673187255859,6.67998123168945,2.4021650056639907
344,17.265734672546387,-45.9922828674316,6.87888717651367,2.3958014665681824
345,17.314961910247803,-46.1033401489258,6.97991943359375,2.380029688432349
346,17.367218732833862,-46.3946342468262,7.2535514831543,2.358525760357228
347,17.416216373443604,-46.4662055969238,7.32316589355469,2.3327670977261508
348,17.46559762954712,-46.7125587463379,7.5708122253418,2.3212802358370346
349,17.515329360961914,-46.8503684997559,7.71521377563477,2.3062227528856027
350,17.564922332763672,-47.0196266174316,7.89900207519531,2.28527732894789
351,17.61603093147278,-47.0863914489746,7.97355651855469,2.282119719809623
352,17.665770053863525,-47.3811111450195,8.31447601318359,2.254326573306657
353,17.715061902999878,-47.5407028198242,8.50716018676758,2.2379728082863877
354,17.764906883239746,-47.728084564209,8.74187850952148,2.218022715051812
355,17.815755605697632,-47.7894973754883,8.82091522216797,2.1995106111800764
356,17.86573338508606,-47.9108047485352,8.98056030273438,2.1871516356903937
357,17.91691303253174,-48.1183853149414,9.26333999633789,2.178027153829552
358,17.96504259109497,-48.3198776245117,9.55015563964844,2.155277150449334
359,18.01608371734619,-48.3762245178223,9.63296127319336,2.136527166318956
360,18.06525158882141,-48.5693359375,9.92555618286133,2.1265747616248194
361,18.11602520942688,-48.5693359375,9.92555618286133,2.116697465842538
362,18.164538145065308,-48.8335418701172,10.3507270812988,2.0932178730274273
363,18.216222524642944,-48.9352264404297,10.5232429504395,2.073711870838133
364,18.2649929523468,-49.107738494873,10.8286552429199,2.0574896991611475
365,18.315059900283813,-49.1557426452637,10.9167060852051,2.0511279326842526
366,18.365307807922363,-49.3421211242676,11.2716751098633,2.026213395613253
367,18.41577172279358,-49.3872909545898,11.3612632751465,2.0087143163350962
368,18.464561462402344,-49.4760589599609,11.5413093566895,2.0087143163350962
369,18.515984058380127,-49.6680145263672,11.9498062133789,1.9821295701776052
370,18.566277980804443,-49.7699966430664,12.1782264709473,1.965885012891018
371,18.61635398864746,-49.8096466064453,12.2702827453613,1.948485974355634
372,18.664674997329712,-49.8872985839844,12.4547080993652,1.9360251481673318
373,18.71521759033203,-49.9999008178711,12.732307434082,1.9281843197510722
374,18.7646381855011,-50.1237487792969,13.0565032958984,1.8973214522105653
375,18.816422700881958,-50.2372665405273,13.3839111328125,1.8651967447518085
376,18.869516849517822,-50.2677307128906,13.4781341552734,1.8421315392025994
377,18.915215253829956,-50.3400650024414,13.7150039672852,1.832895201839348
378,18.96822428703308,-50.4196090698242,14.0016098022461,1.7959171975891846
379,19.016395807266235,-50.4563980102539,14.1458129882813,1.7959171975891846
380,19.064559936523438,-50.5023498535156,14.3389434814453,1.7542717818938611
381,19.11491584777832,-50.5645751953125,14.6303367614746,1.7450120639931042
382,19.165585041046143,-50.626953125,14.9725761413574,1.7125873292240732
383,19.215922355651855,-50.6502990722656,15.1199111938477,1.6801444504415943
384,19.26537013053894,-50.6782455444336,15.3168907165527,1.6801444504415943
385,19.315253496170044,-50.7133178710938,15.6133575439453,1.6523256687724732
386,19.36596989631653,-50.7438125610352,15.96044921875,1.6198577253585542
387,19.415936946868896,-50.7609786987305,16.2587242126465,1.592019679599433
388,19.465463161468506,-50.7630310058594,16.3084869384766,1.565731484177084
389,19.51646590232849,-50.7696228027344,16.5579109191895,1.565731484177084
390,19.56571936607361,-50.7670745849609,17.0090370178223,1.5339893864000784
391,19.61506485939026,-50.7610092163086,17.2101631164551,1.5213039038145864
392,19.665263652801514,-50.7569351196289,17.3108329772949,1.5130730666870889
393,19.71520233154297,-50.7379531860352,17.6633682250977,1.5116057787387576
394,19.765634059906006,-50.7195816040039,17.96533203125,1.5085854314813698
395,19.81548547744751,-50.7101898193359,18.1159629821777,1.5089320069027872
396,19.865459442138672,-50.6970672607422,18.3170204162598,1.5115688887881136
397,19.915006637573242,-50.6776428222656,18.6184730529785,1.5122019331324736
398,19.967248916625977,-50.6563339233398,18.9702701568604,1.5169806834896045
399,20.01474666595459,-50.6443557739258,19.1714019775391,1.5223192012907072
400,20.066499710083008,-50.6288452148438,19.4722881317139,1.5295583713185013
401,20.115594625473022,-50.6220855712891,19.6228313446045,1.5323105491149958
402,20.16703772544861,-50.6080856323242,19.974645614624,1.5376903843604994
403,20.215479373931885,-50.5978851318359,20.2756977081299,1.5409771496545899
404,20.266910552978516,-50.5962142944336,20.3261528015137,1.5434557759571992
405,20.315330505371094,-50.585823059082,20.6775207519531,1.5441439407370936
406,20.366703510284424,-50.5790710449219,20.9283466339111,1.5455888972334457
407,20.41594886779785,-50.5727233886719,21.1790866851807,1.5474319947191661
408,20.465405702590942,-50.5690841674805,21.3294849395752,1.5484184792377809
409,20.515400171279907,-50.5608596801758,21.6806011199951,1.5487652905861409
410,20.564929485321045,-50.5541839599609,21.9816207885742,1.5497414798025706
411,20.61681866645813,-50.5510330200195,22.1320552825928,1.5504597934227988
412,20.6652934551239,-50.5457611083984,22.3830089569092,1.5509293325122355
413,20.71550154685974,-50.5387725830078,22.7341804504395,1.5520466992873305
414,20.76509404182434,-50.5339889526367,22.984992980957,1.5528683457130348
415,20.815021276474,-50.5311813354492,23.1356029510498,1.5538031989607033
416,20.86728811264038,-50.5276947021484,23.3361740112305,1.5548397060790633
417,20.91780710220337,-50.5233001708984,23.5872745513916,1.5548397060790633
418,20.965373992919922,-50.5170135498047,23.9884700775146,1.5558783282442674
419,21.014875411987305,-50.5123443603516,24.2896747589111,1.5570073013247328
420,21.066356897354126,-50.5110092163086,24.3898468017578,1.5577119300236923
421,21.115981340408325,-50.505558013916,24.7912693023682,1.5582139975924891
422,21.167114973068237,-50.503662109375,24.9417705535889,1.5585822010445507
423,21.215085744857788,-50.502384185791,25.0421829223633,1.5595749437006323
424,21.26646137237549,-50.4992980957031,25.2931938171387,1.5597292026544525
425,21.315330028533936,-50.4959106445313,25.5943870544434,1.5606177618223513
426,21.367114305496216,-50.4932556152344,25.8454570770264,1.5612682652531098
427,21.415206909179688,-50.4906768798828,26.0965614318848,1.5618773850494336
428,21.46607518196106,-50.4888000488281,26.2972812652588,1.5625172633145803
429,21.514408826828003,-50.4860038757324,26.5989227294922,1.562745622560878
430,21.56492853164673,-50.4839019775391,26.8499317169189,1.5632784479609851
431,21.615444660186768,-50.4818992614746,27.1010856628418,1.5637609455882011
432,21.66542387008667,-50.4799423217773,27.3521366119385,1.564283829711811
433,21.715850830078125,-50.4781303405762,27.6032733917236,1.5646002709840867
434,21.76509976387024,-50.475830078125,27.9546337127686,1.5648427858705645
435,21.81453776359558,-50.4739570617676,28.2563514709473,1.565340371809854
436,21.866342306137085,-50.4733848571777,28.3570575714111,1.56569837126543
437,21.91548466682434,-50.4733848571777,28.3570575714111,1.5661952859073405
438,21.965073108673096,-50.4706840515137,28.8594074249268,1.5663302399757992
439,22.017439126968384,-50.4683685302734,29.3615989685059,1.5667613286420086
440,22.065382480621338,-50.4683685302734,29.3615989685059,1.5667613286420086
441,22.11465048789978,-50.4673233032227,29.612699508667,1.5671812840658983
442,22.164896249771118,-50.4657783508301,30.0145416259766,1.5673502919513038
443,22.21540904045105,-50.4647369384766,30.3154354095459,1.5675836206834748
444,22.265586853027344,-50.4643936157227,30.4159145355225,1.5678135752898006
445,22.316045999526978,-50.4637298583984,30.6168689727783,1.5678065807007255
446,22.365524768829346,-50.4626617431641,30.9682292938232,1.5680288636729804
447,22.41482400894165,-50.4619331359863,31.2689781188965,1.568101022411679
448,22.465368509292603,-50.461597442627,31.3692626953125,1.5682014166484504
449,22.515863180160522,-50.4609527587891,31.6199855804443,1.5684581768213788
450,22.5665545463562,-50.4603500366211,31.8705558776855,1.5684833811978434
451,22.615911722183228,-50.459774017334,32.1213912963867,1.5686496081024008
452,22.666137218475342,-50.4592552185059,32.3722763061523,1.5687684637063493
453,22.715217351913452,-50.4586563110352,32.6234169006348,1.5687684637063493
454,22.76661729812622,-50.4582138061523,32.8742294311523,1.5688353930924523
455,22.81524682044983,-50.457576751709,33.2254295349121,1.5689655416897539
456,22.86530876159668,-50.457405090332,33.3757438659668,1.5689967338840103
457,22.915088891983032,-50.4570007324219,33.6264266967773,1.5691140701889883
458,22.965800523757935,-50.4564056396484,33.9774284362793,1.5691439943524725
459,23.01539921760559,-50.455940246582,34.2784004211426,1.5692287954376853
460,23.06657600402832,-50.4557876586914,34.4287986755371,1.5692212097848215
461,23.115436553955078,-50.4554252624512,34.6796646118164,1.569370324200557
462,23.165778398513794,-50.4549865722656,34.9805755615234,1.5694389369725372
463,23.216784477233887,-50.4546585083008,35.2812576293945,1.5695702651226755
464,23.2661612033844,-50.4543952941895,35.5819931030273,1.5692857980843127
465,23.31502890586853,-50.4544334411621,35.6320571899414,1.5664925805365957
466,23.364959955215454,-50.4544219970703,35.9826507568359,1.565289988997043
467,23.41695523262024,-50.4533843994141,36.2833137512207,1.5613899386072778
468,23.465887546539307,-50.4530334472656,36.3833427429199,1.5531637910331428
469,23.515038013458252,-50.451587677002,36.6333465576172,1.5390451927998372
470,23.56747794151306,-50.4487190246582,36.8826141357422,1.5338392059506447
471,23.616498947143555,-50.4443778991699,37.0818061828613,1.5176931352055394
472,23.665685653686523,-50.4379348754883,37.280876159668,1.5053841043696967
473,23.71559500694275,-50.4270858764648,37.5291748046875,1.4895767658343024
474,23.764861822128296,-50.4053382873535,37.8763694763184,1.4689437676836108
475,23.815388202667236,-50.3852729797363,38.12353515625,1.4511383080453684
476,23.865793466567993,-50.3606948852539,38.3703956604004,1.4282451471520081
477,23.91753053665161,-50.3317680358887,38.6165351867676,1.4054501003449806
478,23.966188430786133,-50.2980651855469,38.8622131347656,1.3881523597127876
479,24.015084505081177,-50.243465423584,39.2039184570313,1.3746801198345195
480,24.0654559135437,-50.2169075012207,39.349723815918,1.3426905531603062
481,24.116174936294556,-50.1681900024414,39.591911315918,1.3153932724957713
482,24.16513681411743,-50.0903167724609,39.9294128417969,1.3067724542775006
483,24.21481466293335,-50.0278930664063,40.1695327758789,1.2816813197609425
484,24.26587724685669,-49.9880142211914,40.313060760498,1.2602202082367937
485,24.315823554992676,-49.9029235839844,40.5985298156738,1.2473773225298341
486,24.36614680290222,-49.7939453125,40.9293174743652,1.2192202683728683
487,24.414971828460693,-49.7098503112793,41.1643218994141,1.201815820854363
488,24.465189218521118,-49.6573829650879,41.3047103881836,1.180930748471468
489,24.515762329101562,-49.5854225158691,41.4909286499023,1.157092136337276
490,24.565693855285645,-49.4921913146973,41.7217826843262,1.157092136337276
491,24.616727113723755,-49.3536796569824,42.0420799255371,1.1308537062626431
492,24.666548013687134,-49.1853446960449,42.4034652709961,1.1000188694882125
493,24.715059995651245,-49.1853446960449,42.4034652709961,1.0959620511400476
494,24.765625953674316,-49.0060424804688,42.7591819763184,1.0679595043014207
495,24.816249132156372,-48.9116477966309,42.935115814209,1.0538079212969702
496,24.86478352546692,-48.839054107666,43.0662651062012,1.0301619239698674
497,24.915444374084473,-48.715202331543,43.2832260131836,1.026565760758334
498,24.966954469680786,-48.4833755493164,43.6678047180176,0.9933481566652198
499,25.016015768051147,-48.4029998779297,43.794376373291,0.9833964498301595
500,25.06539511680603,-48.3486061096191,43.8783226013184,0.9620318357895584
501,25.114991903305054,-48.2100105285645,44.0867118835449,0.9457762424413739
502,25.164772748947144,-48.0392036437988,44.3342132568359,0.9430980879887907
503,25.214659452438354,-47.8644371032715,44.5788230895996,0.9217892907512008
504,25.265904188156128,-47.7458000183105,44.7402954101563,0.9076871103144343
505,25.317535400390625,-47.5952949523926,44.9403991699219,0.9050839010175985
506,25.36800265312195,-47.4418258666992,45.138484954834,0.8801232982824645
507,25.415308713912964,-47.2231864929199,45.4121742248535,0.8709965172059905
508,25.46400260925293,-47.0638313293457,45.6047782897949,0.847818530792379
509,25.516438007354736,-46.966926574707,45.7190475463867,0.844459745809122
510,25.568292140960693,-46.8025512695313,45.9073333740234,0.8122363200292502
511,25.615237951278687,-46.5671997070313,46.1663703918457,0.8058976293171664
512,25.66571807861328,-46.3958625793457,46.3480682373047,0.7814171980014936
513,25.71545958518982,-46.3958625793457,46.3480682373047,0.7777902979955659
514,25.76646399497986,-46.2218399047852,46.5266647338867,0.7408663004176891
515,25.815397262573242,-45.9369430541992,46.8056602478027,0.7335183965384134
516,25.86533260345459,-45.6059532165527,47.1093063354492,0.7094952078236428
517,25.915646076202393,-45.53076171875,47.1753425598145,0.6922487499444188
518,25.967076778411865,-45.3791007995605,47.3060874938965,0.6770702016970956
519,26.016860246658325,-45.1105003356934,47.5307350158691,0.6710927253881098
520,26.065242290496826,-44.8378524780273,47.7496566772461,0.647786064590826
521,26.11700701713562,-44.8378524780273,47.7496566772461,0.6412473721883172
522,26.166264533996582,-44.3988151550293,48.0807876586914,0.61327784511097
523,26.215198516845703,-44.3176651000977,48.1393432617188,0.6072811683017649
524,26.265852212905884,-44.1954460144043,48.2262802124023,0.5838285129784159
525,26.315687894821167,-43.9490013122559,48.3966255187988,0.5772786248478284
526,26.36583709716797,-43.7825927734375,48.507381439209,0.5645243436891795
527,26.414995193481445,-43.4881324768066,48.6959953308105,0.5415254065231199
528,26.465701818466187,-43.3606796264648,48.7747611999512,0.5207351459231021
529,26.51587438583374,-43.103645324707,48.9283714294434,0.5106460419088544
530,26.566548109054565,-42.8430595397949,49.0766372680664,0.48201018325873785
531,26.615182399749756,-42.6235694885254,49.1963043212891,0.4760098516012756
532,26.664632081985474,-42.3134002685547,49.3581619262695,0.4536339557410271
533,26.716166973114014,-42.2240295410156,49.4030876159668,0.4447472133610694
534,26.76567268371582,-41.9540138244629,49.5345153808594,0.43068282928223595
535,26.81573987007141,-41.7272682189941,49.6405410766602,0.41660033846611877
536,26.865395069122314,-41.4994125366211,49.7434349060059,0.39540684289588446
537,26.915777683258057,-41.2700843811035,49.8429794311523,0.38645355710271
538,26.965519189834595,-41.0391845703125,49.9389610290527,0.3626794280109817
539,27.0149827003479,-40.760139465332,50.0494842529297,0.354228951555111
540,27.06528401374817,-40.4797096252441,50.1553497314453,0.3349651347912475
541,27.114829301834106,-40.3857154846191,50.1894111633301,0.3259808958224654
542,27.166409015655518,-40.1971321105957,50.2557716369629,0.29933772314445095
543,27.215139150619507,-39.8659934997559,50.3663902282715,0.29246234546313965
544,27.265092372894287,-39.5326461791992,50.4689979553223,0.2669701472656353
545,27.315046072006226,-39.4368362426758,50.4966850280762,0.2534084955947961
546,27.36492609977722,-39.1479454040527,50.5756454467773,0.2403265480283746
547,27.416921138763428,-38.9542808532715,50.6250381469727,0.221869190531117
548,27.465482473373413,-38.6139717102051,50.705738067627,0.2054315235070266
549,27.51481008529663,-38.6139717102051,50.705738067627,0.18688971494949075
550,27.566718101501465,-38.2226600646973,50.7884521484375,0.1695976336466113
551,27.616062879562378,-37.9767456054688,50.8351097106934,0.16696863220414293
552,27.66595959663391,-37.6317253112793,50.8948287963867,0.14657509241576436
553,27.71557331085205,-37.3846092224121,50.9332237243652,0.12863334228706036
554,27.764866828918457,-37.0380554199219,50.9808959960938,0.10953562274567906
555,27.815128564834595,-36.9387626647949,50.993034362793,0.0979467471593432
556,27.865494966506958,-36.6402282714844,51.0256767272949,0.08701113081652354
557,27.91412329673767,-36.3909339904785,51.0490875244141,0.07331977388287156
558,27.96833848953247,-36.2914237976074,51.0576286315918,0.06726628857315471
559,28.015032529830933,-35.9924621582031,51.0798225402832,0.03894366781521132
560,28.06531524658203,-35.7928352355957,51.0913429260254,0.02728042478172005
561,28.1168954372406,-35.5429725646973,51.1021461486816,0.007503278173644444
562,28.16561245918274,-35.2928428649902,51.1092376708984,0.007503278173644444
563,28.214730262756348,-34.9926719665527,51.1131286621094,-0.009095589433339588
564,28.266833066940308,-34.6928977966309,51.1123466491699,-0.03716110946756241
565,28.315809965133667,-34.5929412841797,51.1108093261719,-0.05293521230262994
566,28.365492820739746,-34.2433433532715,51.100715637207,-0.06794606872651002
567,28.4152569770813,-33.8936157226563,51.0825042724609,-0.07835226096531003
568,28.465182304382324,-33.6436805725098,51.0649185180664,-0.08799500518710882
569,28.514893531799316,-33.3438377380371,51.0391731262207,-0.09827914051993174
570,28.564985752105713,-33.2938346862793,51.0344886779785,-0.09954934451062623
571,28.617995977401733,-33.043643951416,51.0098114013672,-0.10721858863928041
572,28.665698766708374,-32.6442489624023,50.9674110412598,-0.10843468555681116
573,28.715262413024902,-32.3446922302246,50.9342727661133,-0.10774228762936715
574,28.7660014629364,-32.244815826416,50.9231338500977,-0.10402126455835382
575,28.814565896987915,-31.9952793121338,50.8954963684082,-0.10316612701336875
576,28.86682391166687,-31.7955532073975,50.8739242553711,-0.09938672748640093
577,28.918904542922974,-31.2963256835938,50.8234367370605,-0.08873857013150693
578,28.965182542800903,-31.2963256835938,50.8234367370605,-0.08873857013150693
579,29.016581535339355,-31.0465717315674,50.8001899719238,-0.08288683979006782
580,29.06647276878357,-30.9465560913086,50.7913436889648,-0.07392336881400763
581,29.11675524711609,-30.6464614868164,50.7662010192871,-0.06737413044013757
582,29.167267322540283,-30.3463172912598,50.7430877685547,-0.06549464033202272
583,29.215386390686035,-30.0458641052246,50.7221832275391,-0.06130616691967473
584,29.26533579826355,-29.9457168579102,50.7156715393066,-0.05594155179756508
585,29.315887451171875,-29.545015335083,50.6910018920898,-0.051596127493276606
586,29.36609673500061,-29.2940902709961,50.6769332885742,-0.05103492993090819
587,29.415940761566162,-29.1940574645996,50.671516418457,-0.04808876359002825
588,29.466753721237183,-28.792631149292,50.651237487793,-0.04249756767798561
589,29.517197847366333,-28.4416179656982,50.6349830627441,-0.04037580984230772
590,29.56493091583252,-28.1911029815674,50.6242027282715,-0.03881961634699271
591,29.616661310195923,-27.7901248931885,50.6084327697754,-0.0351467408743224
592,29.665087461471558,-27.7399272918701,50.606559753418,-0.034258734358154234
593,29.716530084609985,-27.5390281677246,50.5992965698242,-0.031273036240109374
594,29.764926195144653,-27.2884311676025,50.590747833252,-0.030101906250339917
595,29.816145181655884,-26.9876556396484,50.581226348877,-0.028684252331528482
596,29.86544370651245,-26.887523651123,50.5782165527344,-0.026478636523920643
597,29.915176391601562,-26.5366230010986,50.5681915283203,-0.024683190168339347
598,29.96523666381836,-26.1858692169189,50.5589447021484,-0.02362928496641488
599,30.015783548355103,-26.0353736877441,50.5552101135254,-0.02195426424802074
600,30.065574407577515,-25.7846050262451,50.5492324829102,-0.02126818428157369
601,30.11510419845581,-25.3829345703125,50.5402641296387,-0.02003823741672173
602,30.16492462158203,-25.1319942474365,50.5350151062012,-0.018854436652739073
603,30.216125965118408,-24.931001663208,50.5311164855957,-0.017299059224071534
604,30.26521587371826,-24.6301307678223,50.5254211425781,-0.016642252940511276
605,30.31584095954895,-24.3289928436279,50.5202445983887,-0.015405040586757105
606,30.36543583869934,-24.128360748291,50.5169448852539,-0.014570981857537567
607,30.415868282318115,-23.9777088165283,50.5146560668945,-0.01404542330023959
608,30.465405225753784,-23.7771816253662,50.5116119384766,-0.012847207298925124
609,30.514728546142578,-23.5261611938477,50.5082321166992,-0.011888545064602091
610,30.5650532245636,-23.2755088806152,50.5048904418945,-0.01131288230451044
611,30.617044687271118,-22.7743282318115,50.4988327026367,-0.01049446316303611
612,30.664679765701294,-22.6740684509277,50.4977416992188,-0.010271317797740315
613,30.71538209915161,-22.5737934112549,50.4966812133789,-0.009541772380554949
614,30.765116453170776,-22.2732982635498,50.4934768676758,-0.008873293614932243
615,30.81495213508606,-22.0228786468506,50.4909973144531,-0.008270589763434233
616,30.864968061447144,-21.6723327636719,50.4877624511719,-0.008066757419816896
617,30.916072607040405,-21.3717594146729,50.485221862793,-0.007597101285313634
618,30.965559482574463,-21.221565246582,50.4839477539063,-0.007074400982191817
619,31.020009517669678,-21.0210933685303,50.4824447631836,-0.007018156777498318
620,31.065749645233154,-21.0210933685303,50.4824447631836,-0.006361350903600773
621,31.116857528686523,-20.5202045440674,50.478759765625,-0.005981316203502096
622,31.16496968269348,-20.2703514099121,50.4765243530273,0.01043286936035965
623,31.215312957763672,-20.0248718261719,50.4731292724609,0.036130329101358126
624,31.265517711639404,-19.7807941436768,50.4733352661133,0.045092735482987256
625,31.315680027008057,-19.5370273590088,50.4789123535156,0.07228313321912408
626,31.365543603897095,-19.2931728363037,50.4902420043945,0.09966103632979997
627,31.415160417556763,-19.0491561889648,50.5073471069336,0.12712590519464453
628,31.468165159225464,-18.7562561035156,50.5354385375977,0.1454719178262781
629,31.51522994041443,-18.41477394104,50.5785751342773,0.16384244295164982
630,31.564624309539795,-18.3173198699951,50.5929412841797,0.19143730204436046
631,31.616522312164307,-18.0254440307617,50.641487121582,0.20064391430067133
632,31.66718029975891,-17.6378479003906,50.7188568115234,0.2421244846861037
633,31.715087890625,-17.4449119567871,50.7629356384277,0.2559677818331565
634,31.765836477279663,-17.4449119567871,50.7629356384277,0.28829324733066664
635,31.81511902809143,-17.1090049743652,50.8486976623535,0.28829324733066664
636,31.864816904067993,-16.7756786346436,50.9453811645508,0.32064847067987584
637,31.916688203811646,-16.6337108612061,50.9901351928711,0.34840475316124775
638,31.96566605567932,-16.398401260376,51.0691223144531,0.3808061112266885
639,32.015029430389404,-16.1648616790771,51.1535720825195,0.40396128845462353
640,32.06703424453735,-15.9332294464111,51.2434463500977,0.42712455038370667
641,32.11633610725403,-15.7036437988281,51.3386917114258,0.4363919387112817
642,32.16638660430908,-15.4762439727783,51.4392623901367,0.4734716890811314
643,32.21683216094971,-15.251163482666,51.545108795166,0.478107724449069
644,32.26543188095093,-14.9843139648438,51.6790084838867,0.5012910578972558
645,32.31653618812561,-14.7212152481079,51.8203125,0.5337554282277313
646,32.367815256118774,-14.3761425018311,52.0209350585938,0.5627282584124956
647,32.415987968444824,-14.3761425018311,52.0209350585938,0.5627282584124956
648,32.46483135223389,-14.3334321975708,52.0471687316895,0.579378384628887
649,32.51471138000488,-13.9942417144775,52.2631912231445,0.5845269539105259
650,32.57368993759155,-13.6588468551636,52.4858703613281,0.5771028707660132
651,32.61689043045044,-13.4923543930054,52.5975608825684,0.5771028707660132
652,32.66601848602295,-13.2848024368286,52.7360687255859,0.5632303241730293
653,32.717793464660645,-13.0359678268433,52.8974990844727,0.5381023259469969
654,32.76654386520386,-12.8260669708252,53.0267639160156,0.5017462343069533
655,32.81533765792847,-12.6559829711914,53.1265716552734,0.49715603003960984
656,32.866400480270386,-12.6559829711914,53.1265716552734,0.4695549007359702
657,32.91558909416199,-12.397120475769,53.2702980041504,0.44650852238228383
658,32.965625524520874,-12.0452575683594,53.4507522583008,0.40957310811690995
659,33.01611113548279,-11.7765951156616,53.57763671875,0.4049514465433598
660,33.065715074539185,-11.7314405441284,53.598072052002,0.38182989177816656
661,33.11492466926575,-11.3665504455566,53.7541236877441,0.35406132827655146
662,33.16527700424194,-10.9488563537598,53.9136238098145,0.32163533432631536
663,33.21568441390991,-10.8550806045532,53.9467239379883,0.3123657058654463
664,33.26573085784912,-10.6192407608032,54.025691986084,0.2891844874723922
665,33.31547260284424,-10.2859382629395,54.1270751953125,0.25671714666215056
666,33.36570620536804,-10.0939741134644,54.1801567077637,0.22423374051648456
667,33.4153528213501,-9.85260963439941,54.2415084838867,0.2103084667656993
668,33.465933322906494,-9.60981178283691,54.2972717285156,0.1963810092963979
669,33.51690340042114,-9.36571788787842,54.3473930358887,0.16851980644478484
670,33.564878940582275,-9.21869850158691,54.3747482299805,0.13600687367036474
671,33.617470264434814,-8.97282409667969,54.4157829284668,0.12207043266994341
672,33.66622877120972,-8.67655658721924,54.4574775695801,0.10348643294289506
673,33.71616840362549,-8.37918186187744,54.4909133911133,0.07095918542553659
674,33.76564836502075,-8.37918186187744,54.4909133911133,0.04307411310029156
675,33.81542086601257,-7.98137378692627,54.522590637207,0.0244822462824403
676,33.865893840789795,-7.68234539031982,54.5366249084473,0.010537350278983627
677,33.91667103767395,-7.63247013092041,54.5381546020508,-0.01735650646938857
678,33.96587061882019,-7.38301658630371,54.5421829223633,-0.04990389825734156
679,34.016757011413574,-6.98381328582764,54.5366706848145,-0.06850306512241479
680,34.06612730026245,-6.68464946746826,54.5228614807129,-0.08710320025148267
681,34.11653113365173,-6.38595867156982,54.5007286071777,-0.11965526112402924
682,34.166120767593384,-6.03840684890747,54.4643974304199,-0.14290761482982478
683,34.21505689620972,-5.93933820724487,54.4519386291504,-0.16616055818973324
684,34.266560792922974,-5.74156665802002,54.4242630004883,-0.1940647082596686
685,34.31637239456177,-5.39682006835938,54.3669929504395,-0.2033662697671313
686,34.365355014801025,-5.05410861968994,54.2985343933105,-0.23592245404543277
687,34.417184352874756,-4.95661592483521,54.2769241333008,-0.2591774654884775
688,34.46582651138306,-4.71379661560059,54.2189483642578,-0.2684795964804845
689,34.51567530632019,-4.32827091217041,54.1144790649414,-0.30103758405665193
690,34.56553912162781,-4.13702726364136,54.0568809509277,-0.3242938346188119
691,34.614644050598145,-3.99431443214417,54.0113563537598,-0.3475505187405297
692,34.66576170921326,-3.61698770523071,53.880256652832,-0.3754589465110137
693,34.71656513214111,-3.38372945785522,53.7912330627441,-0.39871653756304176
694,34.76492929458618,-3.15260076522827,53.6968040466309,-0.4219744917413471
695,34.81636953353882,-3.06077361106873,53.657527923584,-0.4452327738064034
696,34.86520981788635,-2.87823367118835,53.5764236450195,-0.44988444503757524
697,34.91552543640137,-2.60732769966125,53.4484367370605,-0.47779497557225886
698,34.965219497680664,-2.25186800956726,53.2661094665527,-0.5150099162884858
699,35.01552176475525,-2.16408085823059,53.2184715270996,-0.542921554720189
700,35.06526780128479,-1.94658327102661,53.0958137512207,-0.5475735542428181
701,35.116981506347656,-1.73199367523193,52.9681358337402,-0.5894420449479593
702,35.165335178375244,-1.73199367523193,52.9681358337402,-0.6080507432862943
703,35.21492958068848,-1.35343158245087,52.7258644104004,-0.6313117557052069
704,35.26632833480835,-1.10682880878448,52.5556373596191,-0.6406163415661992
705,35.316267013549805,-0.905017852783203,52.408561706543,-0.6638778877225212
706,35.3657283782959,-0.746064126491547,52.2875442504883,-0.7010969437524892
707,35.4161102771759,-0.550581395626068,52.1321487426758,-0.7290119048288656
708,35.46594762802124,-0.358763486146927,51.9722518920898,-0.7290119048288656
709,35.515685081481934,-0.133565798401833,51.7745361328125,-0.7522745949393863
710,35.56551766395569,0.0498558357357979,51.6049461364746,-0.770838481253503
711,35.61541223526001,0.229350358247757,51.4308090209961,-0.8146553395251986
712,35.666579723358154,0.404994904994965,51.2510147094727,-0.8169450869532323
713,35.715625047683716,0.577574551105499,51.0669860839844,-0.8242439585860024
714,35.76543569564819,0.781997978687286,50.843994140625,-0.8230354055633555
715,35.816882848739624,0.883794665336609,50.7327308654785,-0.8131400176272311
716,35.86581802368164,1.08700859546661,50.5104751586914,-0.8107890235112669
717,35.91623377799988,1.25765132904053,50.3274612426758,-0.7979699374122373
718,35.965556383132935,1.32647788524628,50.2548866271973,-0.7765176191147898
719,36.01593208312988,1.56990766525269,50.0043334960938,-0.7515947755307669
720,36.06530809402466,1.81853461265564,49.7598876953125,-0.7440286537588466
721,36.11766266822815,1.96325755119324,49.6232109069824,-0.7285346481680551
722,36.16511392593384,2.11007070541382,49.4888191223145,-0.700610381348013
723,36.2154324054718,2.29659342765808,49.3241271972656,-0.6761811338023574
724,36.26556444168091,2.48650598526001,49.1632080078125,-0.6638902999140236
725,36.31613540649414,2.67979836463928,49.0061416625977,-0.6515891206932001
726,36.3658492565155,2.87643456459045,48.8529891967773,-0.6311346014311143
727,36.415337800979614,3.07634687423706,48.7038040161133,-0.6108299847411329
728,36.46558117866516,3.27943992614746,48.5586090087891,-0.5907514743615894
729,36.516154289245605,3.52719521522522,48.389705657959,-0.5670475636933109
730,36.56581211090088,3.56891441345215,48.3621292114258,-0.5400506139446727
731,36.61701202392578,3.90677952766418,48.1473999023438,-0.513938349195414
732,36.666603088378906,4.20805597305298,47.9678802490234,-0.5030014158012449
733,36.715529918670654,4.38229990005493,47.8689765930176,-0.49224838325802633
734,36.76609945297241,4.55796384811401,47.7725257873535,-0.467803734775871
735,36.81547427177429,4.7353687286377,47.6783905029297,-0.4476329476712228
736,36.865116596221924,5.00360250473022,47.5419540405273,-0.43458635036476573
737,36.915706634521484,5.27510786056519,47.4107208251953,-0.425070841291699
738,36.96534204483032,5.54904651641846,47.284797668457,-0.40348568837884013
739,37.015844106674194,5.68726301193237,47.2236404418945,-0.3828994508790649
740,37.06604790687561,5.91823673248291,47.1247253417969,-0.37441988904905044
741,37.115744829177856,6.19742822647095,47.0105590820313,-0.36607580053928196
742,37.16577100753784,6.47853136062622,46.9010772705078,-0.34722912223545316
743,37.21731638908386,6.61968421936035,46.8481063842773,-0.3319966971965795
744,37.265374183654785,6.90363025665283,46.7454986572266,-0.3222084914740051
745,37.31819128990173,7.0934591293335,46.6795539855957,-0.3151089937293094
746,37.364755153656006,7.18881177902222,46.6472434997559,-0.29915904672134863
747,37.416388273239136,7.52362775802612,46.537784576416,-0.2882457508217395
748,37.46687412261963,7.90844964981079,46.4191131591797,-0.27778293142226446
749,37.51580333709717,8.10141944885254,46.3624038696289,-0.2717899286759173
750,37.565486907958984,8.44047164916992,46.2667770385742,-0.256275640500183
751,37.615687131881714,8.78079891204834,46.1759376525879,-0.245387404353774
752,37.66563272476196,8.92718410491943,46.1382789611816,-0.2401138759467411
753,37.71522641181946,9.12222576141357,46.0894088745117,-0.2333137784313834
754,37.76562142372131,9.26908111572266,46.0536079406738,-0.22197366811143726
755,37.81492471694946,9.513747215271,45.9956932067871,-0.21425406577258643
756,37.865149974823,9.7588357925415,45.9397201538086,-0.2068994046510516
757,37.91865301132202,10.0044221878052,45.8856544494629,-0.1985319858935274
758,37.965538024902344,10.2998027801514,45.8232421875,-0.19451043286284578
759,38.01616072654724,10.6944160461426,45.7437782287598,-0.18669157813653403
760,38.066553592681885,10.7442045211792,45.7341079711914,-0.17929743413567406
761,38.1159770488739,10.9913148880005,45.6869087219238,-0.17929743413567406
762,38.165640354156494,11.3873176574707,45.6145324707031,-0.1688763503430427
763,38.21554446220398,11.684850692749,45.5627746582031,-0.16345298997156357
764,38.26505446434021,11.7842082977295,45.5459442138672,-0.15829347673617988
765,38.31729173660278,12.0322113037109,45.5048789978027,-0.15631879081179523
766,38.36603140830994,12.0322113037109,45.5048789978027,-0.14777104710451247
767,38.41577506065369,12.4794645309448,45.4341163635254,-0.14419619422229346
768,38.46600270271301,12.8274822235107,45.3817825317383,-0.13913463545038687
769,38.51545333862305,12.9763631820679,45.3600997924805,-0.13913463545038687
770,38.564809799194336,13.3243541717529,45.3108596801758,-0.13354060226432746
771,38.617857933044434,13.672568321228,45.2636032104492,-0.12830829893285847
772,38.66799187660217,13.8217220306396,45.2438888549805,-0.12406608826125033
773,38.71488547325134,14.020956993103,45.2181930541992,-0.12341592764853777
774,38.766151666641235,14.3196392059326,45.1805953979492,-0.1188355042296295
775,38.81558847427368,14.6684312820435,45.1383590698242,-0.11516603901685914
776,38.86596155166626,14.7681589126587,45.1265640258789,-0.11168159108253131
777,38.915589332580566,15.017333984375,45.097583770752,-0.11112806800263034
778,38.96673583984375,15.2670059204102,45.0693855285645,-0.10845336679012971
779,39.01585602760315,15.3664798736572,45.0582885742188,-0.10485552046799113
780,39.06572699546814,15.7156734466553,45.0203018188477,-0.10150297403643382
781,39.11639380455017,15.9651165008545,44.9939422607422,-0.10150297403643382
782,39.16612768173218,16.0649490356445,44.9835777282715,-0.09838412038597405
783,39.216392517089844,16.4642944335938,44.9430046081543,-0.09669490913210033
784,39.265995264053345,16.7637481689453,44.9134254455566,-0.09463187172852026
785,39.315871477127075,16.8137874603271,44.9086303710938,-0.09268530379863038
786,39.365862131118774,17.2132949829102,44.870548248291,-0.09041920782018559
787,39.41527223587036,17.6131153106689,44.8338165283203,-0.08842799253738803
788,39.46681618690491,17.7128448486328,44.8246955871582,-0.08609631923593525
789,39.5165319442749,18.0126285552979,44.7980117797852,-0.08538651376912303
790,39.56683135032654,18.3623580932617,44.7677345275879,-0.083658440434995
791,39.616636991500854,18.6122951507568,44.7465438842773,-0.0822913515581089
792,39.66709280014038,18.7122116088867,44.738109588623,-0.08037494438434471
793,39.71543073654175,19.0624084472656,44.7092018127441,-0.0798807444121309
794,39.7659637928009,19.3126735687256,44.6889801025391,-0.07866222174358044
795,39.81523132324219,19.5629615783691,44.6689682006836,-0.07678709134518756
796,39.86571931838989,19.7133731842041,44.6572036743164,-0.07678709134518756
797,39.91515564918518,20.0639381408691,44.6300582885742,-0.07534647490023923
798,39.965306520462036,20.3142070770264,44.610954284668,-0.07438318020669603
799,40.01607966423035,20.6646633148193,44.584716796875,-0.07341174552484435
800,40.0655300617218,20.76487159729,44.577278137207,-0.07224762203337998
801,40.11560678482056,20.9654560089111,44.5625686645508,-0.07175800127604985
802,40.165772676467896,21.2658920288086,44.540584564209,-0.07129625350742982
803,40.21668195724487,21.6668262481689,44.5119171142578,-0.07020954533771177
804,40.267242193222046,21.9671363830566,44.4906768798828,-0.06938485334981669
805,40.316083908081055,22.017370223999,44.4871826171875,-0.0689989285944849
806,40.366108655929565,22.3176002502441,44.4662094116211,-0.06851925119161863
807,40.41448736190796,22.6177635192871,44.4455108642578,-0.06785368273212533
808,40.46600914001465,22.7179088592529,44.4386978149414,-0.06730975437153369
809,40.51493859291077,23.167781829834,44.4080200195313,-0.0667384262074451
810,40.56623578071594,23.3179473876953,44.3979454040527,-0.0664969855898578
811,40.615596294403076,23.5679817199707,44.3811416625977,-0.06592936026929193
812,40.66535019874573,23.7180004119873,44.3711013793945,-0.0654095557528128
813,40.71720576286316,23.9681797027588,44.3545608520508,-0.06524864984935586
814,40.76561403274536,24.3684024810791,44.3282470703125,-0.06482304073134701
815,40.81511425971985,24.4685573577881,44.3217315673828,-0.06390746442579974
816,40.86546277999878,24.7186317443848,44.3053436279297,-0.0638262915127771
817,40.91753959655762,24.9686546325684,44.2893295288086,-0.06565991071086247
818,40.96618866920471,25.3186092376709,44.2672729492188,-0.0671356276372639
819,41.01512026786804,25.6180839538574,44.2481002807617,-0.0749797009758352
820,41.07221293449402,25.7177486419678,44.2416534423828,-0.08596273361578137
