k,time,comp_time
0,0.060761451721191406,0.004078543999639805
1,0.11222004890441895,0.005178103005164303
2,0.15949630737304688,0.002259762004541699
3,0.20915532112121582,0.0025998160053859465
4,0.2614617347717285,0.004838787004700862
5,0.3105733394622803,0.0035551300024962984
6,0.3607289791107178,0.0037556160023086704
7,0.41236305236816406,0.005276117997709662
8,0.46126461029052734,0.004014564998215064
9,0.5105001926422119,0.0036457690002862364
10,0.5643064975738525,0.006703512997773942
11,0.6136281490325928,0.004982070000551175
12,0.66257643699646,0.005193413999222685
13,0.7106494903564453,0.003598383998905774
14,0.7598114013671875,0.003012260996911209
15,0.8112099170684814,0.003966486001445446
16,0.8607769012451172,0.003842530000838451
17,0.9108541011810303,0.0038428790066973306
18,0.9599108695983887,0.0028008099980070256
19,1.0108959674835205,0.0038520770031027496
20,1.063560962677002,0.0057233080005971715
21,1.11102294921875,0.0037909009988652542
22,1.160719871520996,0.0032462039962410927
23,1.2110130786895752,0.0038830420016893186
24,1.2610998153686523,0.004004442002042197
25,1.3101117610931396,0.0033649030010565184
26,1.364405870437622,0.0069380159984575585
27,1.4110679626464844,0.0035622200011857785
28,1.4632554054260254,0.005131521000294015
29,1.5116615295410156,0.004434750000655185
30,1.5622258186340332,0.004561447000014596
31,1.6122817993164062,0.00501926000288222
32,1.663099765777588,0.005395091000536922
33,1.7119078636169434,0.004315895996114705
34,1.760984182357788,0.003936580003937706
35,1.810121774673462,0.0034261449982295744
36,1.8601515293121338,0.0035033219974138774
37,1.9117329120635986,0.0044951149975531735
38,1.9601686000823975,0.003093311002885457
39,2.0102927684783936,0.003279962002125103
40,2.061845541000366,0.004838551001739688
41,2.1097841262817383,0.003242002996557858
42,2.1601860523223877,0.0032003439991967753
43,2.211087226867676,0.0037684729977627285
44,2.2597246170043945,0.0031097050014068373
45,2.312371015548706,0.005250364003586583
46,2.360072135925293,0.0032195960011449642
47,2.410910129547119,0.003961383001296781
48,2.4602856636047363,0.003437785999267362
49,2.5116961002349854,0.004442861994903069
50,2.5605642795562744,0.0032564259963692166
51,2.6103403568267822,0.0032497259962838143
52,2.659837484359741,0.003063165000639856
53,2.7110047340393066,0.004012447003333364
54,2.761287212371826,0.0042797239948413335
55,2.8107714653015137,0.003605746001994703
56,2.8610339164733887,0.0037394110040622763
57,2.910989284515381,0.0038813469946035184
58,2.959888219833374,0.003131312994810287
59,3.013402223587036,0.005979326000669971
60,3.067375421524048,0.009002749000501353
61,3.1112868785858154,0.0038586169976042584
62,3.1616363525390625,0.004509680002229288
63,3.2122702598571777,0.0041276440024375916
64,3.263150453567505,0.00493989900132874
65,3.310312509536743,0.0033045149975805543
66,3.3617947101593018,0.004123446000448894
67,3.4126157760620117,0.004365468994365074
68,3.4640421867370605,0.00568131500040181
69,3.511990547180176,0.004244894997100346
70,3.5615897178649902,0.004362880004919134
71,3.6115541458129883,0.0038440390053438023
72,3.6631150245666504,0.005634643996017985
73,3.713433265686035,0.005656432003888767
74,3.7615771293640137,0.0045773500023642555
75,3.8108296394348145,0.004051529998832848
76,3.866213083267212,0.00623838300089119
77,3.9130914211273193,0.005096845998195931
78,3.9610865116119385,0.0037062280025565997
79,4.01119589805603,0.0038177039969014004
80,4.062426567077637,0.0044813479980803095
81,4.11156702041626,0.004390588001115248
82,4.162542819976807,0.005175408005015925
83,4.211650371551514,0.004455629998119548
84,4.26020884513855,0.0035300410017953254
85,4.31062650680542,0.003406752999580931
86,4.361136436462402,0.0035781359983957373
87,4.411826133728027,0.0049803810034063645
88,4.460239410400391,0.003390475998457987
89,4.512176990509033,0.005179264997423161
90,4.559420347213745,0.002778352005407214
91,4.61003041267395,0.00326410100387875
92,4.660662651062012,0.003528206994815264
93,4.710246324539185,0.0034450000021024607
94,4.7607200145721436,0.0038122460027807392
95,4.810659885406494,0.0036738319977303036
96,4.860381603240967,0.0036111509980401024
97,4.911075115203857,0.003793325995502528
98,4.963294267654419,0.006085353001253679
99,5.012080192565918,0.004256518994225189
100,5.063491106033325,0.004880435997620225
101,5.110472917556763,0.0034130619969801046
102,5.159967660903931,0.0032216340041486546
103,5.210439443588257,0.003232798997487407
104,5.259809732437134,0.0031237399962265044
105,5.309713363647461,0.0030240349951782264
106,5.361136436462402,0.0034580649953568354
107,5.409817934036255,0.003163125002174638
108,5.461060047149658,0.00369046900596004
109,5.510150194168091,0.003490290000627283
110,5.561243295669556,0.004245082993293181
111,5.6108057498931885,0.0036536599945975468
112,5.66038966178894,0.0035681640001712367
113,5.710373401641846,0.003189624003425706
114,5.76142430305481,0.004308100003981963
115,5.810605764389038,0.0037498989986488596
116,5.860561370849609,0.004021938002551906
117,5.910003185272217,0.0032981690019369125
118,5.960669994354248,0.0038806829979876056
119,6.011592864990234,0.004299059997720178
120,6.063379764556885,0.005471784999826923
121,6.114652872085571,0.006595139995624777
122,6.162550926208496,0.0047689179991721176
123,6.212795972824097,0.00518289200408617
124,6.263936519622803,0.005989889999909792
125,6.310685634613037,0.003760056002647616
126,6.359568357467651,0.0029199460041127168
127,6.412367820739746,0.0039403279952239245
128,6.460848569869995,0.0039109639983507805
129,6.5134522914886475,0.006128410997916944
130,6.560265064239502,0.0033400000029359944
131,6.617238521575928,0.008753843001613859
132,6.659757852554321,0.0029781900011585094
133,6.7099621295928955,0.0030586310022044927
134,6.7603065967559814,0.003373464998730924
135,6.80999755859375,0.0029901269954279996
136,6.860049247741699,0.0032614169977023266
137,6.909801483154297,0.0032482620008522645
138,6.960414886474609,0.0035012119988095947
139,7.010993719100952,0.004159684001933783
140,7.059329271316528,0.002749273997324053
141,7.109856605529785,0.0032754470012150705
142,7.160265684127808,0.0035516809948603623
143,7.210258483886719,0.003378545996383764
144,7.259971380233765,0.0033382420006091706
145,7.311633110046387,0.00465038599941181
146,7.3600335121154785,0.0032653779999236576
147,7.409757375717163,0.00299685999925714
148,7.459886312484741,0.003043220996914897
149,7.509859561920166,0.003127670999674592
150,7.5605175495147705,0.0038024539971956983
151,7.609766483306885,0.0031223779951687902
152,7.659528732299805,0.0030521279986714944
153,7.7111570835113525,0.004182107004453428
154,7.760951519012451,0.003977610002039
155,7.8124706745147705,0.005062422998889815
156,7.85953950881958,0.0028404280019458383
157,7.9092817306518555,0.0026749449971248396
158,7.960694789886475,0.003695052000693977
159,8.011364698410034,0.004194968998490367
160,8.059945821762085,0.003069342994422186
161,8.110374689102173,0.0035743929984164424
162,8.160682201385498,0.0035025859979214147
163,8.210133075714111,0.0033567459977348335
164,8.259913444519043,0.0031185750049189664
165,8.310048818588257,0.003172315002302639
166,8.360417366027832,0.0036557299972628243
167,8.410996437072754,0.003944894997403026
168,8.459970712661743,0.003307273000245914
169,8.5110023021698,0.0034170159997302108
170,8.559664487838745,0.0030089520005276427
171,8.609804153442383,0.0031917230007820763
172,8.660153865814209,0.003270665001764428
173,8.709823608398438,0.0031051339974510483
174,8.760472774505615,0.003726848000951577
175,8.81047773361206,0.0036919579943059944
176,8.860398769378662,0.0034374169990769587
177,8.910127878189087,0.0031284939977922477
178,8.960026025772095,0.003230857000744436
179,9.0109224319458,0.0038770269966335036
180,9.059580564498901,0.0029592810024041682
181,9.109476566314697,0.00279308800236322
182,9.160072088241577,0.003362944000400603
183,9.211443185806274,0.004408307999256067
184,9.259592771530151,0.002987841005960945
185,9.309529066085815,0.002930026996182278
186,9.359384059906006,0.002799562003929168
187,9.410016298294067,0.0034595429970067926
188,9.459816694259644,0.002923447005741764
189,9.510152816772461,0.003230331996746827
190,9.56166386604309,0.004827518998354208
191,9.61042833328247,0.003581727003620472
192,9.659830808639526,0.003210104005120229
193,9.709834337234497,0.0030782819958403707
194,9.761795282363892,0.0038424730009865016
195,9.810827493667603,0.004276724001101684
196,9.859711170196533,0.003092524995736312
197,9.910322427749634,0.003617495000071358
198,9.95949935913086,0.0028314009978203103
199,10.010283470153809,0.0034436380010447465
200,10.060144901275635,0.0032789169999887235
201,10.109538555145264,0.002863058994989842
202,10.160481214523315,0.0034080219993484206
203,10.209979057312012,0.003281404002336785
204,10.260514497756958,0.0033780480007408187
205,10.311003684997559,0.004034708996186964
206,10.360187768936157,0.003189793002093211
207,10.409851312637329,0.0033145190027425997
208,10.459749221801758,0.0030104000034043565
209,10.509418487548828,0.0028886060026707128
210,10.560477495193481,0.003918221002095379
211,10.609390020370483,0.0028738660039380193
212,10.659509658813477,0.002878463994420599
213,10.709843158721924,0.0031357359985122457
214,10.760580778121948,0.0034582189982756972
215,10.809561967849731,0.0029756190051557496
216,10.859503030776978,0.002793127998302225
217,10.910691261291504,0.0036826789946644567
218,10.9618079662323,0.004579105996526778
219,11.009299993515015,0.0027707269982784055
220,11.059950590133667,0.003324306999274995
221,11.109791994094849,0.0030553169999620877
222,11.162949323654175,0.005247140994470101
223,11.21040391921997,0.0033402600020053796
224,11.260007619857788,0.003209310998499859
225,11.30990481376648,0.003016492002643645
226,11.359377145767212,0.002576740000222344
227,11.410298824310303,0.0035420249987510033
228,11.459666728973389,0.0029461220037774183
229,11.509721755981445,0.0030115959962131456
230,11.56020188331604,0.002838643005816266
231,11.610757827758789,0.003924040996935219
232,11.66126275062561,0.004306032999011222
233,11.71069622039795,0.004063697997480631
234,11.76061749458313,0.0037884400007897057
235,11.8097562789917,0.0030661479977425188
236,11.863234758377075,0.0059677989993360825
237,11.909792423248291,0.0028901929981657304
238,11.960161447525024,0.0035481180020724423
239,12.010274410247803,0.003413149002881255
240,12.06142258644104,0.003796942997723818
241,12.109744548797607,0.003132278005068656
242,12.160085201263428,0.003473976998066064
243,12.209735631942749,0.0030032459981157444
244,12.260710716247559,0.003696348998346366
245,12.309616565704346,0.002918192003562581
246,12.360926151275635,0.004018321997136809
247,12.409391641616821,0.0028868299996247515
248,12.460036516189575,0.003160796004522126
249,12.510098457336426,0.003302429002360441
250,12.560560941696167,0.0035708840005099773
251,12.61074161529541,0.004076163000718225
252,12.660259485244751,0.0033678399995551445
253,12.710790157318115,0.003778439997404348
254,12.76008415222168,0.003342694995808415
255,12.81037163734436,0.0034227119977003895
256,12.859846830368042,0.0030459089975920506
257,12.91116189956665,0.003934210006264038
258,12.960147142410278,0.003197844998794608
259,13.01029372215271,0.003468892005912494
260,13.062610626220703,0.00507911600288935
261,13.109880685806274,0.0030575319979107007
262,13.160098791122437,0.003246406005928293
263,13.210745811462402,0.004003438996733166
264,13.26098918914795,0.003937027999199927
265,13.310225486755371,0.003312722998089157
266,13.360744953155518,0.0033079399945563637
267,13.411432027816772,0.004294512000342365
268,13.460295915603638,0.003421082001295872
269,13.509840965270996,0.0033152550022350624
270,13.560087442398071,0.0032476080014021136
271,13.610121965408325,0.0030359480006154627
272,13.659693479537964,0.0030155689964885823
273,13.710246562957764,0.003366065997397527
274,13.760008335113525,0.0032612369977869093
275,13.810327529907227,0.0033496370015200227
276,13.860671997070312,0.003415327999391593
277,13.909753561019897,0.0029444109968608245
278,13.960210800170898,0.0034415259942761622
279,14.009034872055054,0.0026153350045206025
280,14.060330152511597,0.0034005839988822117
281,14.111236333847046,0.003730090000317432
282,14.159664630889893,0.0029763630009256303
283,14.2099027633667,0.0030960820004111156
284,14.26221251487732,0.004964584994013421
285,14.310598850250244,0.003702743000758346
286,14.360433101654053,0.003220559003239032
287,14.410638809204102,0.003958077999413945
288,14.45932936668396,0.002819964000082109
289,14.509913682937622,0.0032326630025636405
290,14.560602903366089,0.0037655350024579093
291,14.610658407211304,0.003986654999607708
292,14.659646034240723,0.0030276769975898787
293,14.709948539733887,0.0030747049968340434
294,14.760073900222778,0.003365251002833247
295,14.81126093864441,0.004170664993580431
296,14.860381841659546,0.0037248169974191114
297,14.909546852111816,0.0028362250013742596
298,14.95999002456665,0.0031490360051975586
299,15.010489463806152,0.003543812003044877
300,15.061434984207153,0.004530259997409303
301,15.110162019729614,0.0032912700044107623
302,15.1603524684906,0.00334250699961558
303,15.210421085357666,0.003455930003838148
304,15.26077651977539,0.003682167000079062
305,15.309766054153442,0.0028645759957726113
306,15.363085508346558,0.005672680003044661
307,15.412132501602173,0.004392753995489329
308,15.460484027862549,0.003441517001192551
309,15.510063409805298,0.003148001000226941
310,15.560624837875366,0.0035070509984507225
311,15.60999345779419,0.003378978006367106
312,15.66064453125,0.003895153997291345
313,15.71024465560913,0.0033130370065919124
314,15.759704113006592,0.003117377003945876
315,15.809714078903198,0.002838038999470882
316,15.861551284790039,0.004380711005069315
317,15.910195112228394,0.0033601889954297803
318,15.959653615951538,0.0030350489978445694
319,16.00942325592041,0.0027521989977685735
320,16.060396432876587,0.003110097000899259
321,16.109901666641235,0.0031469509995076805
322,16.16051983833313,0.003235921998566482
323,16.210004091262817,0.003184197994414717
324,16.26062798500061,0.0034574270030134358
325,16.309887409210205,0.0030659510011901148
326,16.360666513442993,0.003964564995840192
327,16.41033363342285,0.003768255999602843
328,16.45990800857544,0.0033775310002965853
329,16.51006245613098,0.0033019820039044134
330,16.55989098548889,0.003193832002580166
331,16.610094785690308,0.0033981149972532876
332,16.659613370895386,0.0029969460010761395
333,16.70991349220276,0.0031710120019852184
334,16.75992727279663,0.0032919349978328682
335,16.809805870056152,0.0030270339993876405
336,16.860313177108765,0.0033817649964476004
337,16.911210298538208,0.003963140996347647
338,16.959635972976685,0.002965624997159466
339,17.00994110107422,0.003190806004568003
340,17.060974597930908,0.0039012869965517893
341,17.110483169555664,0.0032859919956536032
342,17.159732818603516,0.0030534879988408647
343,17.209877252578735,0.003374687999894377
344,17.25997805595398,0.0031390940057463013
345,17.31073808670044,0.004174169996986166
346,17.36074471473694,0.003907450001861434
347,17.410104990005493,0.003116125000815373
348,17.46009635925293,0.003363662995980121
349,17.51028084754944,0.0032387799947173335
350,17.56025505065918,0.003660428999864962
351,17.610663414001465,0.0032849159979377873
352,17.66087245941162,0.003593744993850123
353,17.709644079208374,0.0030072110021137632
354,17.76028323173523,0.003475233999779448
355,17.810063362121582,0.003275625997048337
356,17.860212087631226,0.00337685999693349
357,17.9102623462677,0.0033177009972860105
358,17.959473133087158,0.0028872059992863797
359,18.009649515151978,0.0031010399980004877
360,18.06251549720764,0.0052750890026800334
361,18.110862255096436,0.0035849429987138137
362,18.160968542099,0.004069014998094644
363,18.209553718566895,0.002898630998970475
364,18.26124930381775,0.004218046997266356
365,18.310856819152832,0.0037349010017351247
366,18.360164403915405,0.0032474170002387837
367,18.409444093704224,0.0027363720000721514
368,18.460604667663574,0.0037723989953519776
369,18.510162591934204,0.0035608149992185645
370,18.559614181518555,0.0029523240009439178
371,18.611053943634033,0.00404972699470818
372,18.66138982772827,0.00435509600356454
373,18.710386991500854,0.0035166590023436584
374,18.760976314544678,0.0037252699985401705
375,18.81032085418701,0.0033735689939931035
376,18.860759973526,0.003925572993466631
377,18.90936803817749,0.0028227049988345243
378,18.96001434326172,0.0032789229953777976
379,19.011309385299683,0.003702446003444493
380,19.05997347831726,0.003166253001836594
381,19.10921621322632,0.0027033049991587177
382,19.160524368286133,0.0034998799965251237
383,19.20973300933838,0.002957284996227827
384,19.262123823165894,0.00485867200040957
385,19.30974841117859,0.003051611995033454
386,19.359671115875244,0.002777051995508373
387,19.40977191925049,0.0028636360002565198
388,19.460482120513916,0.0037741100022685714
389,19.509531497955322,0.0026125669974135235
390,19.560885906219482,0.004213608001009561
391,19.611193656921387,0.0038157310045789927
392,19.65979504585266,0.0031689440002082847
393,19.710976362228394,0.0037397510022856295
394,19.759710788726807,0.0030605799984186888
395,19.810378789901733,0.0038107479995233007
396,19.85917353630066,0.002659565994690638
397,19.91020107269287,0.0034667750005610287
398,19.95983052253723,0.0030654680012958124
399,20.00956916809082,0.003020080999704078
400,20.059650659561157,0.0028206010028952733
401,20.10935878753662,0.0026460330045665614
402,20.160720825195312,0.0038806360025773756
403,20.20967745780945,0.003151276003336534
404,20.260891437530518,0.004054782002640422
405,20.31045365333557,0.003611879001255147
406,20.359593391418457,0.002881805005017668
407,20.410601139068604,0.0036789869991480373
408,20.459930658340454,0.0028612349997274578
409,20.509620428085327,0.0028849529990111478
410,20.560112476348877,0.0033001090050674975
411,20.60964798927307,0.0029379249972407706
412,20.66031813621521,0.003486776004137937
413,20.710376024246216,0.0036193690029904246
414,20.76000475883484,0.003255039999203291
415,20.810118436813354,0.0034522860005381517
416,20.860108852386475,0.003127217998553533
417,20.911332368850708,0.003987397001765203
418,20.961047410964966,0.0037555449962383136
419,21.01044201850891,0.003538912998919841
420,21.05975651741028,0.0028521279964479618
421,21.110260248184204,0.003269970002293121
422,21.16054368019104,0.003643078998720739
423,21.210236310958862,0.0034974410009454004
424,21.259483575820923,0.002884679997805506
425,21.31052851676941,0.0036573979959939606
426,21.36058282852173,0.0036716689937748015
427,21.41023898124695,0.0033557440037839115
428,21.460492372512817,0.0033042459981516004
429,21.510260581970215,0.003420711000217125
430,21.560099601745605,0.0033394709971616976
431,21.61083483695984,0.003549341003235895
432,21.66131281852722,0.004392115995869972
433,21.71011781692505,0.0033750000002328306
434,21.759905576705933,0.003101528993283864
435,21.809183597564697,0.002588363000540994
436,21.86044955253601,0.0036238770044292323
437,21.910730600357056,0.00395167300303001
438,21.960840940475464,0.0036154460030957125
439,22.01034927368164,0.003682501002913341
440,22.059500455856323,0.00279791700450005
441,22.110671281814575,0.0038124280035845004
442,22.16014838218689,0.003492046002065763
443,22.209651947021484,0.002869227006158326
444,22.260385990142822,0.0033984239998972043
445,22.311816453933716,0.003873632005706895
446,22.362451791763306,0.004938415004289709
447,22.4099543094635,0.0033638690001680516
448,22.45955204963684,0.002938031997473445
449,22.512077808380127,0.004569798999000341
450,22.55941677093506,0.0028660440002568066
451,22.60997462272644,0.003352341998834163
452,22.659631729125977,0.0029087460061418824
453,22.710360527038574,0.003278285003034398
454,22.760022163391113,0.003381203001481481
455,22.809720277786255,0.0031012699982966296
456,22.862712144851685,0.0056298050039913505
457,22.910444021224976,0.003705109003931284
458,22.959667921066284,0.003144225003779866
459,23.0096218585968,0.0030540970037691295
460,23.061140537261963,0.004003340000053868
461,23.111207246780396,0.004021535001811571
462,23.159618616104126,0.0031099120024009608
463,23.209868907928467,0.0031264450008166023
464,23.260262727737427,0.0032776939988252707
465,23.310523986816406,0.003661463000753429
466,23.360021114349365,0.0034087539970641956
467,23.40978169441223,0.0030530380026903003
468,23.459821462631226,0.002822296002705116
469,23.509676218032837,0.0029847469995729625
470,23.560331344604492,0.0034321210041525774
471,23.609707593917847,0.0029866110053262673
472,23.659937381744385,0.0030937530027586035
473,23.70960283279419,0.0029351699995459057
474,23.762071132659912,0.004963961000612471
475,23.810709953308105,0.0037362249931902625
476,23.859538793563843,0.0027859849942615256
477,23.91000509262085,0.0032340590041712858
478,23.95989680290222,0.003255612995417323
479,24.010265588760376,0.0035347359953448176
480,24.059834003448486,0.0032117660011863336
481,24.11072611808777,0.0036624779968406074
482,24.16043734550476,0.003468669005087577
483,24.21036124229431,0.003580979995604139
484,24.26104760169983,0.004118134005693719
485,24.31101894378662,0.0036111079971306026
486,24.359204053878784,0.0026587690008454956
487,24.40964436531067,0.002866108996386174
488,24.459688425064087,0.0029472649985109456
489,24.509966135025024,0.003155518999847118
490,24.560233116149902,0.003496177996566985
491,24.612825393676758,0.004620501000317745
492,24.659502267837524,0.0029397210018942133
493,24.709922313690186,0.0031467139997403137
494,24.759777545928955,0.002984995000588242
495,24.80963706970215,0.002963947001262568
496,24.859570026397705,0.002886166999815032
497,24.91004514694214,0.003157041996018961
498,24.96089744567871,0.003966468000726309
499,25.00969362258911,0.0030864049986121245
500,25.05982494354248,0.003237443001125939
501,25.11010432243347,0.003275908005889505
502,25.1602201461792,0.003519694997521583
503,25.210078477859497,0.003056376001040917
504,25.26041269302368,0.0035290430023451336
505,25.31190514564514,0.004287604002456646
506,25.361312866210938,0.004238497000187635
507,25.411555290222168,0.004356117999122944
508,25.460248470306396,0.003391001999261789
509,25.5100314617157,0.003107923999777995
510,25.560678720474243,0.0038706600025761873
511,25.610013008117676,0.003251267997256946
512,25.659886121749878,0.002970949004520662
513,25.70984673500061,0.003121800000371877
514,25.76044225692749,0.0036951450019842014
515,25.810553789138794,0.0038962660037213936
516,25.85936450958252,0.002838114000041969
517,25.91114091873169,0.003994900005636737
518,25.960689067840576,0.003531349000695627
519,26.01219654083252,0.004618357997969724
520,26.0593740940094,0.0027355459969840012
521,26.109513521194458,0.002891503994760569
522,26.16094732284546,0.003949545003706589
523,26.21023154258728,0.003392441001778934
524,26.259706735610962,0.002970272005768493
525,26.31012201309204,0.003352302999701351
526,26.359456539154053,0.0028500679982244037
527,26.409741163253784,0.0030770659941481426
528,26.460559129714966,0.0033621890033828095
529,26.51127600669861,0.004247192002367228
530,26.561044216156006,0.0038534490013262257
531,26.61163854598999,0.003996722000010777
532,26.65951657295227,0.0028912569978274405
533,26.711020708084106,0.0039074890009942465
534,26.760661602020264,0.00404428400361212
535,26.81246590614319,0.005273023001791444
536,26.85953378677368,0.002781080998829566
537,26.909854650497437,0.0031688419985584915
538,26.96034073829651,0.003738149993296247
539,27.00990915298462,0.0031363910020445473
540,27.059648990631104,0.0028208009971422143
541,27.109580993652344,0.0027618079984677024
542,27.160176992416382,0.003591874999983702
543,27.210174322128296,0.003522936000081245
544,27.259932279586792,0.0031213459951686673
545,27.30979061126709,0.002987635998579208
546,27.36068892478943,0.004129334003664553
547,27.410930633544922,0.003462775996013079
548,27.45961904525757,0.002978630996949505
549,27.510390996932983,0.003018009003426414
550,27.561028718948364,0.004058747996168677
551,27.611159324645996,0.004459083000256214
552,27.65993046760559,0.0030938899944885634
553,27.710509538650513,0.0031717370002297685
554,27.76024079322815,0.003448502000537701
555,27.812110900878906,0.005223062005825341
556,27.85966467857361,0.0028984560049138963
557,27.909815073013306,0.003167631002725102
558,27.960626363754272,0.003537297001457773
559,28.010162115097046,0.0036285239984863438
560,28.059821128845215,0.003115439998509828
561,28.11083698272705,0.003401868998480495
562,28.159878492355347,0.0033640629990259185
563,28.21185040473938,0.0047208680043695495
564,28.26002526283264,0.003219876998628024
565,28.311316967010498,0.00401284600229701
566,28.359679460525513,0.0030511699951603077
567,28.41026258468628,0.0034888529989984818
568,28.459789752960205,0.0030175049978424795
569,28.50990080833435,0.00293762500223238
570,28.56028151512146,0.0033028990001184866
571,28.609283924102783,0.0027662930006044917
572,28.659523963928223,0.00291114799620118
573,28.709834575653076,0.003007223996974062
574,28.759474515914917,0.0028062249984941445
575,28.81130886077881,0.0035248200001660734
576,28.86005687713623,0.0031634199986001477
577,28.910086154937744,0.0032766819931566715
578,28.959723949432373,0.002922246996604372
579,29.010586977005005,0.0037591150030493736
580,29.059436798095703,0.002768770995317027
581,29.10997223854065,0.0031931779958540574
582,29.15990972518921,0.003147319999698084
583,29.211755990982056,0.004634023003745824
584,29.260116815567017,0.003041929994651582
585,29.309577465057373,0.0030106919948593713
586,29.360087156295776,0.0031154749958659522
587,29.41030478477478,0.0036710080021293834
588,29.459757328033447,0.0030244379959185608
589,29.511757373809814,0.004373711999505758
590,29.559436082839966,0.002837142994394526
591,29.61020588874817,0.003572964000341017
592,29.660140991210938,0.0032693879984435625
593,29.709822416305542,0.0029374009973253123
594,29.760332584381104,0.0037632360035786405
595,29.812137842178345,0.004979791003279388
596,29.860060453414917,0.003163122004480101
597,29.91041135787964,0.003463672997895628
598,29.959595441818237,0.0028731389975291677
599,30.00992465019226,0.0027356450009392574
600,30.060943841934204,0.003764670000236947
601,30.109854221343994,0.0033440900006098673
602,30.159420013427734,0.002844442999048624
603,30.210652351379395,0.0036469900005613454
604,30.260059118270874,0.003163413995935116
605,30.3104248046875,0.0035273859975859523
606,30.36186170578003,0.0048867320001591
607,30.410597324371338,0.003848601998470258
608,30.46109175682068,0.003951369995775167
609,30.51134753227234,0.004222345996822696
610,30.55992341041565,0.0030352250032592565
611,30.609758377075195,0.0031237170042004436
612,30.660351276397705,0.003538416996889282
613,30.710361003875732,0.003462533000856638
614,30.760107040405273,0.003230809001252055
615,30.809720516204834,0.0028281440027058125
616,30.860936164855957,0.004083507999894209
617,30.910305500030518,0.0035532319961930625
618,30.96018886566162,0.0035073629987891763
619,31.011372804641724,0.004718503994808998
620,31.061054944992065,0.004040690000692848
621,31.11032795906067,0.0034674729977268726
622,31.160994052886963,0.003906092999386601
623,31.21044683456421,0.003389732002688106
624,31.2618145942688,0.0045499789994210005
625,31.310479402542114,0.0034401299999444745
626,31.360645294189453,0.003712049998284783
627,31.40976357460022,0.003008972002135124
628,31.460713148117065,0.0039005479993647896
629,31.51018977165222,0.003313703004096169
630,31.55948781967163,0.002893210999900475
631,31.609593391418457,0.002867215000151191
632,31.660335779190063,0.0032072039975901134
633,31.70986795425415,0.002955215000838507
634,31.759431838989258,0.002686483996512834
635,31.809240579605103,0.0026543170024524443
636,31.85943365097046,0.002854588004993275
637,31.910034656524658,0.003293171997938771
638,31.960428476333618,0.0033732150041032583
639,32.01077723503113,0.0036494960004347377
640,32.06044554710388,0.0035576720038079657
641,32.11021566390991,0.003381237998837605
642,32.16174292564392,0.004568980999465566
643,32.21050429344177,0.0036223190036253072
644,32.260327100753784,0.0034896309953182936
645,32.30948495864868,0.0029014019964961335
646,32.35957431793213,0.0028080190022592433
647,32.41008734703064,0.0031559449998894706
648,32.46084403991699,0.003959128000133205
649,32.509703636169434,0.0028988880003453232
650,32.58783292770386,0.02994605300045805
651,32.61601281166077,0.008296296997286845
652,32.665974378585815,0.008063094996032305
653,32.71595644950867,0.008390268994844519
654,32.76634240150452,0.008759479002037551
655,32.81511092185974,0.0074494589935056865
656,32.86827516555786,0.010426250999444164
657,32.91470241546631,0.007330049003940076
658,32.96446251869202,0.006796173998736776
659,33.01576280593872,0.007636973001353908
660,33.06583285331726,0.007555477001005784
661,33.117987871170044,0.010119079001015052
662,33.165663719177246,0.007939729999634437
663,33.21511125564575,0.0074778770067496225
664,33.266972064971924,0.009351430002425332
665,33.31809067726135,0.010185224004089832
666,33.36578941345215,0.00801685899932636
667,33.416327714920044,0.008245120996434707
668,33.466309785842896,0.008194276000722311
669,33.51740550994873,0.009076688998902682
670,33.567665100097656,0.010115503006090876
671,33.61602449417114,0.007322653997107409
672,33.66720461845398,0.009125552998739295
673,33.71575713157654,0.007936125999549404
674,33.765883684158325,0.007797976999427192
675,33.81383943557739,0.006568680000782479
676,33.86648631095886,0.008752550995268393
677,33.91571640968323,0.008223903998441529
678,33.96508073806763,0.007528707996243611
679,34.019962787628174,0.011850584000058006
680,34.069498777389526,0.01145961099973647
681,34.11545372009277,0.00782398899900727
682,34.1666464805603,0.009026990999700502
683,34.21597123146057,0.008292958998936228
684,34.2660493850708,0.008133590999932494
685,34.321136713027954,0.013173539002309553
686,34.36484456062317,0.007281645004695747
687,34.41531324386597,0.007617956995090935
688,34.46818518638611,0.010790594002173748
689,34.517746686935425,0.010315047002222855
690,34.56446957588196,0.006881293003971223
691,34.614665269851685,0.00716834200284211
692,34.666186571121216,0.008429748006165028
693,34.71562695503235,0.008171761000994593
694,34.7646427154541,0.006418880002456717
695,34.813509702682495,0.005964724994555581
696,34.86711525917053,0.009703404000902083
697,34.91473603248596,0.00706668000202626
698,34.965519428253174,0.007456341001670808
699,35.014472007751465,0.006700688005366828
700,35.06520080566406,0.0076291080040391535
701,35.11883211135864,0.01066600700141862
702,35.16225719451904,0.0046724860003450885
703,35.212562084198,0.005066049001470674
704,35.263758182525635,0.006486324993602466
705,35.314046144485474,0.006786382000427693
706,35.3632116317749,0.0055141709963209
707,35.41265273094177,0.004985480001778342
708,35.464401960372925,0.006758554998668842
709,35.51577138900757,0.00796989999798825
710,35.56247353553772,0.004603743000188842
711,35.61290621757507,0.005201735999435186
712,35.661664724349976,0.004149004002101719
713,35.71127128601074,0.0034528479955042712
714,35.76172995567322,0.003936054999940097
715,35.81181359291077,0.0038630960043519735
716,35.86151361465454,0.00366164500155719
717,35.912341594696045,0.0047639989934396
718,35.961917877197266,0.004328802002419252
719,36.010788679122925,0.003147348004858941
720,36.06354236602783,0.006092247997003142
721,36.111061096191406,0.0038834270017105155
722,36.160319566726685,0.0029220080032246187
723,36.21047854423523,0.003124586000922136
724,36.26055884361267,0.002920618004282005
725,36.31172704696655,0.004048748000059277
726,36.36047840118408,0.0028370980071485974
727,36.410475730895996,0.0027939060018979944
728,36.46014332771301,0.0027502919983817264
729,36.51119947433472,0.0035488380017341115
730,36.55877757072449,0.0016969130010693334
0,0.06417179107666016,0.0033095499966293573
1,0.11362361907958984,0.0027456730022095144
2,0.16458487510681152,0.003624805001891218
3,0.21412372589111328,0.003305824000563007
4,0.2644951343536377,0.003544553997926414
5,0.3147609233856201,0.0036998459981987253
6,0.3648378849029541,0.003679654997540638
7,0.4146919250488281,0.0035088330041617155
8,0.46591711044311523,0.004554213999654166
9,0.5152244567871094,0.0036083250015508384
10,0.5652389526367188,0.004038834995299112
11,0.6145319938659668,0.0031772709990036674
12,0.6648125648498535,0.0034044559943140484
13,0.7164242267608643,0.004581676002999302
14,0.7651915550231934,0.003942160998121835
15,0.8146767616271973,0.003824394996627234
16,0.8649649620056152,0.00349376599479001
17,0.9147157669067383,0.003578619005565997
18,0.9648275375366211,0.0035223750019213185
19,1.0153119564056396,0.004158858006121591
20,1.0647687911987305,0.0035361400005058385
21,1.1143646240234375,0.003298303003248293
22,1.1642725467681885,0.003181170999596361
23,1.2154948711395264,0.0039692900027148426
24,1.2654945850372314,0.003954747000534553
25,1.3141298294067383,0.003179990999342408
26,1.3635756969451904,0.0028618030046345666
27,1.4141056537628174,0.003293923997262027
28,1.4646131992340088,0.003192214004229754
29,1.513974905014038,0.0031080260014277883
30,1.56406831741333,0.00315361099637812
31,1.6152567863464355,0.00412294299894711
32,1.6637952327728271,0.002768600999843329
33,1.716392993927002,0.00449946600565454
34,1.7639732360839844,0.0031442109975614585
35,1.8140747547149658,0.0030833109995000996
36,1.865708589553833,0.004122015001485124
37,1.9150230884552002,0.0038558599990210496
38,1.9641940593719482,0.0031457970035262406
39,2.014305353164673,0.003321030999359209
40,2.064592123031616,0.0032216700055869296
41,2.11462664604187,0.0036155669949948788
42,2.164212226867676,0.0031360939974547364
43,2.2163474559783936,0.003731528006028384
44,2.264073133468628,0.0031551879947073758
45,2.3140408992767334,0.0030653780049760826
46,2.3641960620880127,0.0032379640033468604
47,2.4143240451812744,0.0032303519983543083
48,2.4647109508514404,0.0036775180051336065
49,2.513669013977051,0.0030076849943725392
50,2.5642385482788086,0.003134687998681329
51,2.614518642425537,0.00355611299892189
52,2.666835069656372,0.0035725249981624074
53,2.7142021656036377,0.0032689369982108474
54,2.763803005218506,0.0029560710026999004
55,2.8142104148864746,0.0033219710021512583
56,2.8644864559173584,0.003468747003353201
57,2.9157776832580566,0.0040037600047071464
58,2.964411497116089,0.0035135779980919324
59,3.0192694664001465,0.0055920689992490225
60,3.0647683143615723,0.0032452140003442764
61,3.115507125854492,0.004319569998187944
62,3.165677309036255,0.003983310001785867
63,3.215198516845703,0.003414026003156323
64,3.2652766704559326,0.0035436180041870102
65,3.315032720565796,0.0034990330022992566
66,3.3661181926727295,0.00469006799539784
67,3.4150540828704834,0.003358556998136919
68,3.464878797531128,0.003667338998639025
69,3.5146448612213135,0.0035562250050134026
70,3.565139055252075,0.004220786999212578
71,3.6142520904541016,0.0034341579957981594
72,3.6642794609069824,0.0031834909968893044
73,3.715162754058838,0.003937205001420807
74,3.7640862464904785,0.00332749099470675
75,3.8149404525756836,0.0038280309963738546
76,3.8638858795166016,0.002987395004311111
77,3.9142696857452393,0.003242300001147669
78,3.963852643966675,0.0028377970011206344
79,4.013987064361572,0.0030648920001112856
80,4.063955545425415,0.0030640339973615482
81,4.114806652069092,0.003834331000689417
82,4.164064168930054,0.0029943289991933852
83,4.215890407562256,0.0037365899988799356
84,4.2641050815582275,0.0029412370058707893
85,4.314209461212158,0.003164132998790592
86,4.364062547683716,0.003329447004944086
87,4.414566278457642,0.0035379399996600114
88,4.464561939239502,0.003387312994163949
89,4.514286518096924,0.003323746997921262
90,4.563982963562012,0.0030104300021776
91,4.613952875137329,0.0031143680025707
92,4.664600849151611,0.0035047650017077103
93,4.714311599731445,0.0034247989970026538
94,4.765692472457886,0.004520043003140017
95,4.813936233520508,0.003092092003498692
96,4.865168333053589,0.0037955789957777597
97,4.9139323234558105,0.0031298399990191683
98,4.9639997482299805,0.003161268003168516
99,5.014017581939697,0.0030644169964944012
100,5.064587116241455,0.003220439000870101
101,5.114754915237427,0.0036167479993309826
102,5.163952589035034,0.0031098899999051355
103,5.215573310852051,0.003994826998678036
104,5.265108823776245,0.0034376100011286326
105,5.315511703491211,0.0038468209968414158
106,5.364123821258545,0.0033057250038837083
107,5.414057731628418,0.0031916069929138757
108,5.464876651763916,0.003423984999244567
109,5.514231443405151,0.0034090519984601997
110,5.564104318618774,0.003349887003423646
111,5.614588022232056,0.0036492389990598895
112,5.664399862289429,0.0032682809978723526
113,5.716490983963013,0.004612841999914963
114,5.765166521072388,0.0039089459969545715
115,5.815758228302002,0.004267044998414349
116,5.8655993938446045,0.004409699002280831
117,5.9153151512146,0.003785228000197094
118,5.965615272521973,0.004059498001879547
119,6.013713836669922,0.0028581899969140068
120,6.06449294090271,0.003361445000336971
121,6.1157004833221436,0.0038988719970802777
122,6.164474010467529,0.003645821001555305
123,6.214650630950928,0.003403623995836824
124,6.265126466751099,0.0035229179993621074
125,6.313982725143433,0.0032512010002392344
126,6.36422872543335,0.0033204389983438887
127,6.414326906204224,0.0032087920044432394
128,6.4640374183654785,0.0031949570038705133
129,6.515424728393555,0.004092530005436856
130,6.564217805862427,0.0031371489967568778
131,6.614736080169678,0.003550913999788463
132,6.664624452590942,0.0034481300026527606
133,6.714669942855835,0.003707789001055062
134,6.763903617858887,0.0030924160018912517
135,6.8139753341674805,0.0029281329989316873
136,6.864422559738159,0.0033125069967354648
137,6.914051532745361,0.0031868360019871034
138,6.964459180831909,0.0035117439983878285
139,7.013632297515869,0.0029318559973035008
140,7.065191984176636,0.003954250998503994
141,7.114362001419067,0.003175637000822462
142,7.163923740386963,0.0028619900040212087
143,7.214357137680054,0.003470032002951484
144,7.264493942260742,0.0035884940007235855
145,7.31440281867981,0.0034405149999656714
146,7.364401817321777,0.0032507370051462203
147,7.414079666137695,0.0032240919972537085
148,7.467186450958252,0.004995593997591641
149,7.514390707015991,0.0033318159985356033
150,7.564074754714966,0.0029780859986203723
151,7.613956451416016,0.003012752000358887
152,7.665215253829956,0.0038853070000186563
153,7.713835954666138,0.0031656650025979616
154,7.764005184173584,0.003230716996768024
155,7.8152289390563965,0.0038294059995678253
156,7.864454507827759,0.0035329899983480573
157,7.913971185684204,0.0032248989955405705
158,7.964245796203613,0.003435580998484511
159,8.015207052230835,0.0037932269988232292
160,8.065187215805054,0.0040906739959609695
161,8.114838123321533,0.003865860002406407
162,8.164642333984375,0.0034290650000912137
163,8.2150239944458,0.0037952429993310943
164,8.263729333877563,0.002746387996012345
165,8.31402039527893,0.002974111004732549
166,8.365690231323242,0.004169990999798756
167,8.415847301483154,0.004024403999210335
168,8.463738203048706,0.002862263994757086
169,8.513707399368286,0.003037092996237334
170,8.564200162887573,0.003315007001219783
171,8.61387586593628,0.003028815997822676
172,8.664309978485107,0.003438559993810486
173,8.71494174003601,0.0038602489948971197
174,8.764384746551514,0.003307808998215478
175,8.814111471176147,0.0031985789973987266
176,8.86525273323059,0.003927172998373862
177,8.915363311767578,0.004528222998487763
178,8.964109659194946,0.003008938001585193
179,9.014478921890259,0.0035598289978224784
180,9.064782619476318,0.00376657499873545
181,9.114564180374146,0.003451292999670841
182,9.165054559707642,0.0038309170049615204
183,9.21390676498413,0.0029373500001383945
184,9.26458215713501,0.00337121600023238
185,9.315088033676147,0.003636294000898488
186,9.365590333938599,0.004386828004498966
187,9.415326356887817,0.004243049006618094
188,9.464556217193604,0.003699583998240996
189,9.514305114746094,0.003374079999048263
190,9.565051794052124,0.003364085001521744
191,9.614163160324097,0.0033091329969465733
192,9.66532278060913,0.0036382469988893718
193,9.716169834136963,0.00403136699605966
194,9.763967990875244,0.0029352999990805984
195,9.813864707946777,0.0029635710016009398
196,9.864464044570923,0.003667668002890423
197,9.915366172790527,0.0037372960068751127
198,9.964804410934448,0.003427570998610463
199,10.013695001602173,0.002966249994642567
200,10.065287590026855,0.0039933959997142665
201,10.116222381591797,0.004984448998584412
202,10.165683031082153,0.004315687998314388
203,10.214951038360596,0.0035420880012679845
204,10.264232397079468,0.0031416390047525056
205,10.31446385383606,0.003615401001297869
206,10.369171380996704,0.005071311003121082
207,10.415199518203735,0.003702675996464677
208,10.465654134750366,0.0040505159995518625
209,10.516027450561523,0.0047936520059010945
210,10.564920663833618,0.0036167439975542948
211,10.614851236343384,0.003711711004143581
212,10.665151119232178,0.003976867999881506
213,10.715555667877197,0.0039438620005967095
214,10.765342235565186,0.003725508999195881
215,10.815484523773193,0.004084052001417149
216,10.864561796188354,0.003567898995243013
217,10.915711641311646,0.0038777740046498366
218,10.965017318725586,0.0037175749966991134
219,11.015827894210815,0.00396823399933055
220,11.066295385360718,0.004552058002445847
221,11.118378400802612,0.0055274320038734
222,11.174221992492676,0.009303847000410315
223,11.219053745269775,0.0059294089951436035
224,11.266504764556885,0.004221554001560435
225,11.318177700042725,0.005252820999885444
226,11.36862325668335,0.006083127002057154
227,11.41617202758789,0.004494108994549606
228,11.46561074256897,0.004240403002768289
229,11.519815444946289,0.0077659259986830875
230,11.566765546798706,0.00492095200024778
231,11.616374969482422,0.00469544099905761
232,11.665702819824219,0.0039023889985401183
233,11.715248823165894,0.00349246000405401
234,11.765156984329224,0.0039804590051062405
235,11.81529450416565,0.0037961480047670193
236,11.864337921142578,0.003475530000287108
237,11.918587684631348,0.005433951002487447
238,11.966307878494263,0.004050222996738739
239,12.01585078239441,0.004329867995693348
240,12.067705154418945,0.004870786993706133
241,12.119436979293823,0.006721142999595031
242,12.167566776275635,0.005839643003128003
243,12.217240571975708,0.004965907006408088
244,12.265043020248413,0.0037748230024590157
245,12.317631244659424,0.0053056019969517365
246,12.367359638214111,0.005136476996995043
247,12.415995359420776,0.004567200994642917
248,12.467719316482544,0.00603848000173457
249,12.516679286956787,0.005100274000142235
250,12.564547300338745,0.00341809299425222
251,12.61492109298706,0.0036823280024691485
252,12.66559886932373,0.00436849299876485
253,12.715958595275879,0.004114066003239714
254,12.765100717544556,0.004086897002707701
255,12.814715385437012,0.0035539939999580383
256,12.864221572875977,0.0033372609977959655
257,12.914789199829102,0.003531430003931746
258,12.966847658157349,0.004571278004732449
259,13.015270471572876,0.003651314000308048
260,13.064590215682983,0.003427531999477651
261,13.115835428237915,0.004324633002397604
262,13.164839744567871,0.003666077995148953
263,13.215087652206421,0.003768823000427801
264,13.267229080200195,0.005011268003727309
265,13.316838026046753,0.004769915998622309
266,13.365582704544067,0.003990144999988843
267,13.414591789245605,0.0034035699936794117
268,13.465460538864136,0.004067036999913398
269,13.5142080783844,0.0032834590019774623
270,13.56538701057434,0.004085068001586478
271,13.616045236587524,0.004314551995776128
272,13.666237831115723,0.004626197005563881
273,13.714723587036133,0.003540849997079931
274,13.765247344970703,0.00372988900198834
275,13.814740180969238,0.0034603859967319295
276,13.865988969802856,0.004200158000458032
277,13.915868043899536,0.003930878003302496
278,13.969403982162476,0.006392149000021163
279,14.01522159576416,0.0038755980058340356
280,14.06482481956482,0.003439082000113558
281,14.115315437316895,0.004338794999057427
282,14.167385578155518,0.004863139001827221
283,14.2163245677948,0.004297512998164166
284,14.266612529754639,0.004661644998122938
285,14.315513849258423,0.004441962999408133
286,14.366254091262817,0.0037124119990039617
287,14.416221141815186,0.004632577001757454
288,14.469141244888306,0.005936845998803619
289,14.515184164047241,0.0038952279937802814
290,14.568013906478882,0.004762996002682485
291,14.616032123565674,0.00409588600450661
292,14.669302701950073,0.006267557000683155
293,14.716116666793823,0.004491334002523217
294,14.767032623291016,0.004360712999186944
295,14.818104982376099,0.004737183000543155
296,14.867436408996582,0.006190988999151159
297,14.916019201278687,0.004503989999648184
298,14.96826696395874,0.00605796499439748
299,15.018671989440918,0.0058590900007402524
300,15.06744122505188,0.00405784400209086
301,15.118864297866821,0.0057376420008949935
302,15.16849422454834,0.006223598000360653
303,15.214081048965454,0.002943286999652628
304,15.264442682266235,0.0032940219971351326
305,15.315270900726318,0.00412592499924358
306,15.365214347839355,0.003790340997511521
307,15.414858341217041,0.003937567998946179
308,15.464438438415527,0.0033413339988328516
309,15.514188528060913,0.0032248470015474595
310,15.566087245941162,0.0044566779979504645
311,15.615091562271118,0.004169597006693948
312,15.665103912353516,0.003532383998390287
313,15.716559648513794,0.004983799997717142
314,15.765129566192627,0.0033033979998435825
315,15.81430172920227,0.003158460996928625
316,15.866053342819214,0.0044685409957310185
317,15.9146146774292,0.003674068000691477
318,15.96565580368042,0.003958538996812422
319,16.014577388763428,0.003513116003887262
320,16.066240310668945,0.004454119996808004
321,16.11392307281494,0.00315684200177202
322,16.165870666503906,0.0037152340009924956
323,16.21560788154602,0.004122862999793142
324,16.26532554626465,0.00362799199501751
325,16.315378665924072,0.004049215996928979
326,16.365219116210938,0.003470093994110357
327,16.415855884552002,0.0036268249968998134
328,16.46500563621521,0.003825136001978535
329,16.51478886604309,0.003589081999962218
330,16.56541132926941,0.003958440000133123
331,16.61478281021118,0.0031339780034613796
332,16.664692640304565,0.0036071029971935786
333,16.714266061782837,0.0032837580001796596
334,16.767093658447266,0.00544997000542935
335,16.81487536430359,0.003642807001597248
336,16.86546301841736,0.004163227997196373
337,16.914632081985474,0.003405559000384528
338,16.965874433517456,0.0041303689940832555
339,17.015812635421753,0.004176125003141351
340,17.064688205718994,0.0034277290033060126
341,17.11608099937439,0.004279852997569833
342,17.164472103118896,0.0030025589949218556
343,17.217169046401978,0.004943660998833366
344,17.264765739440918,0.0035395539962337352
345,17.31501030921936,0.0035667289994307794
346,17.36414909362793,0.0030957330018281937
347,17.413692712783813,0.0028149669960839674
348,17.465752124786377,0.004299988999264315
349,17.514782428741455,0.003458642000623513
350,17.565537452697754,0.004085321997990832
351,17.61476969718933,0.003441444001509808
352,17.664965629577637,0.004092155002581421
353,17.714195489883423,0.0032042329985415563
354,17.76464319229126,0.003389502002391964
355,17.816107273101807,0.004168674000538886
356,17.865522861480713,0.0036265569942770526
357,17.91551399230957,0.004135912000492681
358,17.965067863464355,0.00399214299977757
359,18.01526117324829,0.0037114189981366508
360,18.065356492996216,0.003887797996867448
361,18.114662647247314,0.0036426740043680184
362,18.164124965667725,0.0030808759984211065
363,18.215797424316406,0.003974389997893013
364,18.26517605781555,0.0037510539987124503
365,18.314515352249146,0.0034935929943458177
366,18.364588499069214,0.003491242998279631
367,18.414754629135132,0.0033925090028787963
368,18.464879512786865,0.003677042004710529
369,18.514604330062866,0.0031921330009936355
370,18.56398916244507,0.003062594994844403
371,18.614217042922974,0.0030938980053178966
372,18.66547179222107,0.004373461997602135
373,18.714112043380737,0.0032137149974005297
374,18.7652108669281,0.00409996000234969
375,18.81539511680603,0.0037843529935344122
376,18.864612579345703,0.0038217859982978553
377,18.91493511199951,0.00392155099689262
378,18.96424102783203,0.0033465560045442544
379,19.014840841293335,0.0034472699990146793
380,19.06575036048889,0.004187407001154497
381,19.114113092422485,0.0033225009974557906
382,19.163900136947632,0.003179838000505697
383,19.214988946914673,0.003610856998420786
384,19.26470685005188,0.0038415980015997775
385,19.31441354751587,0.003471979005553294
386,19.36430835723877,0.00327448699681554
387,19.414555311203003,0.0032419029957964085
388,19.46575665473938,0.004134463997615967
389,19.514737367630005,0.003618750000896398
390,19.56420612335205,0.0031879069938440807
391,19.614294290542603,0.003193363001628313
392,19.664081573486328,0.003175448000547476
393,19.714245796203613,0.0031074549988261424
394,19.76399803161621,0.003121358997304924
395,19.814610958099365,0.0034562150030978955
396,19.865120887756348,0.003725937000126578
397,19.91388440132141,0.0031380389991682023
398,19.963886737823486,0.0028434779960662127
399,20.015167713165283,0.00354040099773556
400,20.06588840484619,0.003848590000416152
401,20.114346981048584,0.0031721830018796027
402,20.16516399383545,0.003664465999463573
403,20.216087102890015,0.003911405001417734
404,20.26793646812439,0.005365802993765101
405,20.313818216323853,0.0030371489992830902
406,20.36430525779724,0.0034445879937266
407,20.413987159729004,0.0029976329969940707
408,20.464797019958496,0.003124712995486334
409,20.514094591140747,0.0032059840013971552
410,20.563772439956665,0.002909836999606341
411,20.615582704544067,0.003726916002051439
412,20.665361404418945,0.0037732680066255853
413,20.71523952484131,0.00398243800009368
414,20.764934539794922,0.0033218879980267957
415,20.815387964248657,0.0037115400045877323
416,20.86513876914978,0.003741075997822918
417,20.914514780044556,0.0035684809990925714
418,20.965669631958008,0.00436152199836215
419,21.01605224609375,0.004745426995214075
420,21.064939498901367,0.00361054899985902
421,21.114396810531616,0.003441758999542799
422,21.164580583572388,0.0035495570045895875
423,21.21503186225891,0.004024439003842417
424,21.265283584594727,0.004036013997392729
425,21.314765453338623,0.0038361150000127964
426,21.364678621292114,0.0034653339971555397
427,21.415048122406006,0.003651580002042465
428,21.46960186958313,0.005762686996604316
429,21.516170263290405,0.004771473002620041
430,21.564342498779297,0.0031909289973555133
431,21.615460634231567,0.004189863997453358
432,21.66486096382141,0.003373384999576956
433,21.715238094329834,0.004147712999838404
434,21.76435685157776,0.0030775159975746647
435,21.817484378814697,0.005816468001285102
436,21.865015268325806,0.003628436999861151
437,21.913790941238403,0.003013018998899497
438,21.964437246322632,0.00331710500176996
439,22.01816439628601,0.006046215996320825
440,22.064779043197632,0.003559811993909534
441,22.114779233932495,0.003339832001074683
442,22.16473960876465,0.0036556409977492876
443,22.215030431747437,0.004056623998621944
444,22.264374017715454,0.0032706499987398274
445,22.31595468521118,0.004193637003481854
446,22.364142894744873,0.0030472400030703284
447,22.415377140045166,0.003978332999395207
448,22.466182708740234,0.0046841649964335375
449,22.51397156715393,0.003256889001931995
450,22.563927173614502,0.0029699339938815683
451,22.614337921142578,0.0033075609972001985
452,22.66508460044861,0.0035998579987790436
453,22.715980768203735,0.0042500470008235425
454,22.76432204246521,0.0034327809989918023
455,22.815195322036743,0.0040538719986216165
456,22.864593029022217,0.00335457000619499
457,22.914393186569214,0.003162724999128841
458,22.964301347732544,0.003336975998536218
459,23.014020442962646,0.003046021993213799
460,23.06533193588257,0.004169760999502614
461,23.116779804229736,0.004224913995130919
462,23.165867567062378,0.004380550999485422
463,23.2161066532135,0.0048370599979534745
464,23.265427589416504,0.004113508999580517
465,23.31573748588562,0.003948245997889899
466,23.36491346359253,0.003571779998310376
467,23.4157133102417,0.004300649001379497
468,23.463694095611572,0.0029765479994239286
469,23.514058828353882,0.003093933002674021
470,23.5641872882843,0.003017399998498149
471,23.614562273025513,0.0034970100023201667
472,23.665287494659424,0.0035720470041269436
473,23.714684009552002,0.0036180969982524402
474,23.765719175338745,0.003925066004740074
475,23.814770936965942,0.0033873189968289807
476,23.86458420753479,0.0031644659975427203
477,23.915421962738037,0.003899691997503396
478,23.964264154434204,0.0032735720014898106
479,24.014453649520874,0.003565555998648051
480,24.06411647796631,0.0032678600036888383
481,24.11508846282959,0.0038734079935238697
482,24.164238929748535,0.0033637790038483217
483,24.21572732925415,0.0045708270044997334
484,24.266390562057495,0.004709177002951037
485,24.314481496810913,0.0032195060048252344
486,24.364569902420044,0.003544979997968767
487,24.4144868850708,0.0034300949992029928
488,24.464831352233887,0.003664005002065096
489,24.514716148376465,0.0034297960010007955
490,24.564277410507202,0.0033562730022822507
491,24.614430904388428,0.0033554290057509206
492,24.665984630584717,0.004508360005274881
493,24.713736295700073,0.0030541320011252537
494,24.76398229598999,0.0029252140011521988
495,24.814555406570435,0.003595839996705763
496,24.864156246185303,0.003333877000841312
497,24.91353487968445,0.002777414003503509
498,24.96490740776062,0.003140712004096713
499,25.014253616333008,0.003136747000098694
500,25.06409215927124,0.0032842130021890625
501,25.113765954971313,0.002855093996913638
502,25.165183067321777,0.004029110998089891
503,25.214248180389404,0.003353789994434919
504,25.263978719711304,0.0030172010010574013
505,25.313694953918457,0.002832437996403314
506,25.363842487335205,0.0029821190037182532
507,25.415239810943604,0.0035431349970167503
508,25.466434001922607,0.004588199997670017
509,25.514407634735107,0.003618631002609618
510,25.564701557159424,0.0032609460031380877
511,25.614739894866943,0.003708731004735455
512,25.665446281433105,0.0034929889952763915
513,25.71419930458069,0.0029545910001615994
514,25.76458764076233,0.003615272005845327
515,25.814236640930176,0.003251333997468464
516,25.864162921905518,0.0033898590045282617
517,25.91429090499878,0.0034166379991802387
518,25.964670181274414,0.0032738740046625026
519,26.014472484588623,0.0034835049955290742
520,26.06402611732483,0.0028946940001333132
521,26.11578392982483,0.003780799997912254
522,26.16572380065918,0.004164601996308193
523,26.21538019180298,0.003881267002725508
524,26.264373302459717,0.003376551998371724
525,26.31551742553711,0.0035938330038334243
526,26.36584758758545,0.0036778659996343777
527,26.41448998451233,0.0036134330002823845
528,26.46456003189087,0.003520527003274765
529,26.514005422592163,0.00325892299588304
530,26.56464695930481,0.0031716140001663007
531,26.61512780189514,0.003841957004624419
532,26.664130687713623,0.0032996429945342243
533,26.714701175689697,0.0035590199986472726
534,26.7660813331604,0.0038820209956611507
535,26.814281463623047,0.0030788219955866225
536,26.86453080177307,0.00355041200236883
537,26.914280652999878,0.0033067050026147626
538,26.965258598327637,0.0034844330002670176
539,27.014650344848633,0.0034131220018025488
540,27.064786672592163,0.0038207780016819015
541,27.11429715156555,0.003212438001355622
542,27.16437554359436,0.0032692649983800948
543,27.21417999267578,0.003225594002287835
544,27.264841079711914,0.0036525189934764057
545,27.31468415260315,0.0035606189994723536
546,27.364928722381592,0.003442392000579275
547,27.414327144622803,0.003223530999093782
548,27.463984727859497,0.0031089799958863296
549,27.51381206512451,0.0030488539996440522
550,27.564513206481934,0.003236952004954219
551,27.615168571472168,0.004010320000816137
552,27.664026975631714,0.003142554996884428
553,27.714593172073364,0.0033979139989241958
554,27.76685094833374,0.004295359998650383
555,27.815330743789673,0.004092130002391059
556,27.864731788635254,0.0037246610008878633
557,27.9147891998291,0.0037124600057723
558,27.96597719192505,0.00369627899635816
559,28.016212701797485,0.004330190000473522
560,28.064584732055664,0.0034740660048555583
561,28.115603923797607,0.004405146995850373
562,28.164719343185425,0.0032263300017802976
563,28.214972019195557,0.0037970530029269867
564,28.264014959335327,0.003287478000856936
565,28.315040588378906,0.003093275001447182
566,28.364038705825806,0.003285639002569951
567,28.414797067642212,0.0033898849942488596
568,28.4647798538208,0.0038076009950600564
569,28.51453709602356,0.0037015909983892925
570,28.564185857772827,0.003084937001403887
571,28.61440396308899,0.0034563909939606674
572,28.66534972190857,0.0034914580028271303
573,28.714531183242798,0.0035332989937160164
574,28.763551235198975,0.0028317749965935946
575,28.815953016281128,0.004185956000583246
576,28.864392518997192,0.0035569679967011325
577,28.915163040161133,0.003604384997743182
578,28.963728189468384,0.002975167997647077
579,29.01448941230774,0.003549964996636845
580,29.064321517944336,0.0033412960037821904
581,29.115689277648926,0.00392828799522249
582,29.16559624671936,0.003800811005930882
583,29.214678049087524,0.00346848299523117
584,29.264128923416138,0.0031537290051346645
585,29.316479206085205,0.004182685996056534
586,29.366484880447388,0.003781562998483423
587,29.413910388946533,0.0028636490023927763
588,29.46397852897644,0.003135101003863383
589,29.514384984970093,0.0034273190030944534
590,29.564455032348633,0.003470395997283049
591,29.614665985107422,0.003844020000542514
592,29.66400647163391,0.0033124699984909967
593,29.71420192718506,0.00350166299904231
594,29.764094352722168,0.0030434180007432587
595,29.81595015525818,0.004009028001746628
596,29.865118503570557,0.0037063780036987737
597,29.915682554244995,0.0037206179986242205
598,29.9644296169281,0.0033613340056035668
599,30.014212369918823,0.003346274999785237
600,30.064196825027466,0.002977104995807167
601,30.114107608795166,0.003186057998391334
602,30.163994073867798,0.003014881003764458
603,30.2145938873291,0.0035489520014380105
604,30.264103651046753,0.0032770390025689267
605,30.314534902572632,0.003386323995073326
606,30.36437964439392,0.0033339210058329627
607,30.414907217025757,0.003925257005903404
608,30.464378833770752,0.0033399170060874894
609,30.514363050460815,0.003458659994066693
610,30.564080476760864,0.0032283900000038557
611,30.615692377090454,0.004092962997674476
612,30.66499614715576,0.003912975997081958
613,30.71416425704956,0.0031000000017229468
614,30.764154195785522,0.003165780995914247
615,30.814602375030518,0.003577374001906719
616,30.86484718322754,0.0038573540005018003
617,30.913957357406616,0.0030718210036866367
618,30.964128732681274,0.003164621004543733
619,31.01534652709961,0.00433348700607894
620,31.064685583114624,0.0033495879979454912
621,31.115437269210815,0.004222666997520719
622,31.164107084274292,0.003244394996727351
623,31.21503210067749,0.003917150002962444
624,31.264272928237915,0.003275816998211667
625,31.314383268356323,0.003388787001313176
626,31.36609721183777,0.004297986000892706
627,31.41568112373352,0.00422791200253414
628,31.464574098587036,0.0033780840021790937
629,31.515411615371704,0.003953039005864412
630,31.56482768058777,0.0036671750058303587
631,31.615719079971313,0.0038863809968461283
632,31.66441297531128,0.0033540809963596985
633,31.713799238204956,0.0029219330026535317
634,31.764403343200684,0.0035467690031509846
635,31.816417455673218,0.0045486360031645745
636,31.865633010864258,0.0041456100007053465
637,31.91739273071289,0.005850738001754507
638,31.9675190448761,0.005830478999996558
639,32.014846324920654,0.0035136579972459003
640,32.0644907951355,0.003487930000119377
641,32.11412286758423,0.0031484630017075688
642,32.16582441329956,0.0034872609976446256
643,32.21617126464844,0.004724719998193905
644,32.26499342918396,0.003799513004196342
645,32.3140013217926,0.0030934339956729673
646,32.36424112319946,0.00326219700218644
647,32.41491723060608,0.003853510999761056
648,32.464619159698486,0.0034955719966092147
649,32.51537036895752,0.003457008999248501
650,32.597166299819946,0.034867241003667004
651,32.622445583343506,0.010111775998666417
652,32.67076110839844,0.008373222997761331
653,32.71985459327698,0.007986178999999538
654,32.77177405357361,0.009463862006668933
655,32.82133364677429,0.00866357100312598
656,32.87129521369934,0.0079039889969863
657,32.92026901245117,0.00810564400308067
658,32.97060179710388,0.008280058995296713
659,33.020527362823486,0.00830293699982576
660,33.069645404815674,0.007626030994288158
661,33.12066888809204,0.008545959004550241
662,33.17031979560852,0.008675675002450589
663,33.22037172317505,0.008382564003113657
664,33.27189826965332,0.008867042997735552
665,33.319077491760254,0.007053465000353754
666,33.37391233444214,0.011161485999764409
667,33.41874408721924,0.006688565998047125
668,33.470269441604614,0.008201117001590319
669,33.51948857307434,0.007599974000186194
670,33.570491313934326,0.008386555004108232
671,33.618699073791504,0.00693469700490823
672,33.67129588127136,0.009017436997964978
673,33.721519470214844,0.009138476001680829
674,33.7705864906311,0.008447298001556192
675,33.81893301010132,0.00704278600460384
676,33.87072730064392,0.0086486549989786
677,33.920697927474976,0.00864096299483208
678,33.969520568847656,0.00764566300495062
679,34.02145051956177,0.009346366001409478
680,34.06991672515869,0.007505811998271383
681,34.119194984436035,0.007299934004549868
682,34.16872525215149,0.00700229100038996
683,34.220327854156494,0.007903183999587782
684,34.27049446105957,0.008499473995470908
685,34.32048201560974,0.008367278998775873
686,34.36981511116028,0.008036065999476705
687,34.41877341270447,0.0067848780017811805
688,34.46996736526489,0.007857725002395455
689,34.519434452056885,0.007390849001239985
690,34.57092356681824,0.008921218002797104
691,34.62013125419617,0.008284361996629741
692,34.669296741485596,0.0075525909996940754
693,34.71828579902649,0.0064038880009320565
694,34.77086877822876,0.00871975099289557
695,34.81963634490967,0.007679094000195619
696,34.87228202819824,0.010256720997858793
697,34.9169135093689,0.005431999001302756
698,34.96807384490967,0.006035998005245347
699,35.01778435707092,0.005966958997305483
700,35.06925678253174,0.006983079998462927
701,35.12073802947998,0.008647004004160408
702,35.16819524765015,0.006102882995037362
703,35.219650745391846,0.008107674002530985
704,35.2690007686615,0.007014417999016587
705,35.32145643234253,0.009104213000682648
706,35.366724729537964,0.004730196000309661
707,35.421651124954224,0.009892183996271342
708,35.46823215484619,0.005638380003802013
709,35.515586614608765,0.004036959995573852
710,35.567058801651,0.0053646619999199174
711,35.61813735961914,0.005964873002085369
712,35.66780114173889,0.005374602995289024
713,35.71628737449646,0.004014416001155041
714,35.76733160018921,0.00484169099945575
715,35.817798137664795,0.005677102002664469
716,35.86628723144531,0.0041859820048557594
717,35.91609191894531,0.004108167995582335
718,35.965776443481445,0.0038817820022813976
719,36.0219612121582,0.008519761999195907
720,36.066500186920166,0.00470930700248573
721,36.116589069366455,0.0037620639996021055
722,36.16809797286987,0.005640393006615341
723,36.22005343437195,0.008181318997230846
724,36.265406370162964,0.00380939800379565
725,36.31540513038635,0.0037147830007597804
726,36.36946654319763,0.006942419997358229
727,36.41657328605652,0.004340003994002473
728,36.464998722076416,0.00334215000475524
729,36.51528787612915,0.0034085609950125217
730,36.56517481803894,0.0032804080037749372
731,36.61858510971069,0.00612665900553111
732,36.66300964355469,0.0019664840001496486
